,nose_x,nose_y,neck_x,neck_y,Rshoulder_x,Rshoulder_y,Relbow_x,Relbow_y,Rwrist_x,Rwrist_y,Lshoulder_x,Lshoulder_y,Lelbow_x,Lelbow_y,Lwrist_x,Lwrist_y,Rhip_x,Rhip_y,Rknee_x,Rknee_y,Rankle_x,Rankle_y,Lhip_x,Lhip_y,Lknee_x,Lknee_y,Lankle_x,Lankle_y,Reye_x,Reye_y,Leye_x,Leye_y,Rear_x,Rear_y,Lear_x,Lear_y,class
0,0.08,0.593333333,0.213333333,0.486666667,0,0,0,0,0,0,0,0,0,0,0,0,0,0,0,0,0,0,0,0,0,0,0,0,0,0,0,0,0,0,0,0,2
1,0.08,0.593333333,0.213333333,0.486666667,0,0,0,0,0,0,0,0,0,0,0,0,0,0,0,0,0,0,0,0,0,0,0,0,0,0,0,0,0,0,0,0,2
2,0.1,0.613333333,0.26,0.52,0,0,0,0,0,0,0,0,0,0,0,0,0,0,0,0,0,0,0,0,0,0,0,0,0,0,0,0,0,0,0,0,2
3,0.1,0.613333333,0.26,0.52,0,0,0,0,0,0,0,0,0,0,0,0,0,0,0,0,0,0,0,0,0,0,0,0,0,0,0,0,0,0,0,0,2
4,0.106666667,0.62,0.26,0.52,0,0,0,0,0,0,0,0,0,0,0,0,0,0,0,0,0,0,0,0,0,0,0,0,0,0,0,0,0,0,0,0,2
5,0.106666667,0.62,0.26,0.52,0,0,0,0,0,0,0,0,0,0,0,0,0,0,0,0,0,0,0,0,0,0,0,0,0,0,0,0,0,0,0,0,2
6,0.106666667,0.613333333,0.246666667,0.513333333,0,0,0,0,0,0,0,0,0,0,0,0,0,0,0,0,0,0,0,0,0,0,0,0,0,0,0,0,0,0,0,0,2
7,0.106666667,0.613333333,0.246666667,0.513333333,0,0,0,0,0,0,0,0,0,0,0,0,0,0,0,0,0,0,0,0,0,0,0,0,0,0,0,0,0,0,0,0,2
8,0.106666667,0.62,0.246666667,0.513333333,0,0,0,0,0,0,0,0,0,0,0,0,0,0,0,0,0,0,0,0,0,0,0,0,0,0,0,0,0,0,0,0,2
9,0.106666667,0.62,0.246666667,0.513333333,0,0,0,0,0,0,0,0,0,0,0,0,0,0,0,0,0,0,0,0,0,0,0,0,0,0,0,0,0,0,0,0,2
10,0.1,0.62,0.26,0.513333333,0,0,0,0,0,0,0,0,0,0,0,0,0,0,0,0,0,0,0,0,0,0,0,0,0,0,0,0,0,0,0,0,2
11,0.1,0.62,0.26,0.513333333,0,0,0,0,0,0,0,0,0,0,0,0,0,0,0,0,0,0,0,0,0,0,0,0,0,0,0,0,0,0,0,0,2
12,0.106666667,0.62,0.26,0.513333333,0,0,0,0,0,0,0,0,0,0,0,0,0,0,0,0,0,0,0,0,0,0,0,0,0,0,0,0,0,0,0,0,2
13,0.106666667,0.62,0.26,0.513333333,0,0,0,0,0,0,0,0,0,0,0,0,0,0,0,0,0,0,0,0,0,0,0,0,0,0,0,0,0,0,0,0,2
14,0.1,0.62,0.253333333,0.506666667,0,0,0,0,0,0,0,0,0,0,0,0,0,0,0,0,0,0,0,0,0,0,0,0,0,0,0,0,0,0,0,0,2
15,0.1,0.62,0.253333333,0.506666667,0,0,0,0,0,0,0,0,0,0,0,0,0,0,0,0,0,0,0,0,0,0,0,0,0,0,0,0,0,0,0,0,2
16,0.113333333,0.626666667,0.266666667,0.513333333,0,0,0,0,0,0,0,0,0,0,0,0,0,0,0,0,0,0,0,0,0,0,0,0,0,0,0,0,0,0,0,0,2
17,0.113333333,0.626666667,0.266666667,0.513333333,0,0,0,0,0,0,0,0,0,0,0,0,0,0,0,0,0,0,0,0,0,0,0,0,0,0,0,0,0,0,0,0,2
18,0.12,0.633333333,0.293333333,0.54,0.186666667,0.64,0.16,0.686666667,0,0,0,0,0,0,0,0,0,0,0,0,0,0,0,0,0,0,0,0,0,0,0,0,0,0,0,0,2
19,0.12,0.633333333,0.293333333,0.54,0.186666667,0.64,0.16,0.686666667,0,0,0,0,0,0,0,0,0,0,0,0,0,0,0,0,0,0,0,0,0,0,0,0,0,0,0,0,2
20,0.12,0.633333333,0.293333333,0.54,0.186666667,0.64,0.16,0.686666667,0,0,0,0,0,0,0,0,0,0,0,0,0,0,0,0,0,0,0,0,0,0,0,0,0,0,0,0,2
21,0.12,0.633333333,0.293333333,0.54,0.186666667,0.64,0.16,0.686666667,0,0,0,0,0,0,0,0,0,0,0,0,0,0,0,0,0,0,0,0,0,0,0,0,0,0,0,0,2
22,0.113333333,0.64,0.286666667,0.533333333,0,0,0,0,0,0,0,0,0,0,0,0,0,0,0,0,0,0,0,0,0,0,0,0,0,0,0,0,0,0,0,0,2
23,0.113333333,0.64,0.286666667,0.533333333,0,0,0,0,0,0,0,0,0,0,0,0,0,0,0,0,0,0,0,0,0,0,0,0,0,0,0,0,0,0,0,0,2
24,0.126666667,0.626666667,0.28,0.533333333,0,0,0,0,0,0,0,0,0,0,0,0,0,0,0,0,0,0,0,0,0,0,0,0,0,0,0,0,0,0,0,0,2
25,0.126666667,0.626666667,0.28,0.533333333,0,0,0,0,0,0,0,0,0,0,0,0,0,0,0,0,0,0,0,0,0,0,0,0,0,0,0,0,0,0,0,0,2
26,0.12,0.633333333,0.273333333,0.533333333,0,0,0,0,0,0,0,0,0,0,0,0,0,0,0,0,0,0,0,0,0,0,0,0,0,0,0,0,0,0,0,0,2
27,0.12,0.633333333,0.273333333,0.533333333,0,0,0,0,0,0,0,0,0,0,0,0,0,0,0,0,0,0,0,0,0,0,0,0,0,0,0,0,0,0,0,0,2
28,0.126666667,0.633333333,0.306666667,0.513333333,0,0,0,0,0,0,0,0,0,0,0,0,0,0,0,0,0,0,0,0,0,0,0,0,0,0,0,0,0,0,0,0,2
29,0.126666667,0.633333333,0.306666667,0.513333333,0,0,0,0,0,0,0,0,0,0,0,0,0,0,0,0,0,0,0,0,0,0,0,0,0,0,0,0,0,0,0,0,2
30,0.22,0.633333333,0.36,0.56,0,0,0,0,0,0,0,0,0,0,0,0,0,0,0,0,0,0,0,0,0,0,0,0,0,0,0,0,0,0,0,0,2
31,0.22,0.633333333,0.36,0.56,0,0,0,0,0,0,0,0,0,0,0,0,0,0,0,0,0,0,0,0,0,0,0,0,0,0,0,0,0,0,0,0,2
32,0.273333333,0.673333333,0.426666667,0.546666667,0,0,0,0,0,0,0,0,0,0,0,0,0,0,0,0,0,0,0,0,0,0,0,0,0,0,0,0,0,0,0,0,2
33,0.273333333,0.673333333,0.426666667,0.546666667,0,0,0,0,0,0,0,0,0,0,0,0,0,0,0,0,0,0,0,0,0,0,0,0,0,0,0,0,0,0,0,0,2
34,0.3,0.713333333,0.426666667,0.573333333,0,0,0,0,0,0,0,0,0,0,0,0,0,0,0,0,0,0,0,0,0,0,0,0,0,0,0,0,0,0,0,0,2
35,0.3,0.713333333,0.426666667,0.573333333,0,0,0,0,0,0,0,0,0,0,0,0,0,0,0,0,0,0,0,0,0,0,0,0,0,0,0,0,0,0,0,0,2
36,0.293333333,0.733333333,0.433333333,0.566666667,0,0,0,0,0,0,0,0,0,0,0,0,0,0,0,0,0,0,0,0,0,0,0,0,0,0,0,0,0,0,0,0,2
37,0.293333333,0.733333333,0.433333333,0.566666667,0,0,0,0,0,0,0,0,0,0,0,0,0,0,0,0,0,0,0,0,0,0,0,0,0,0,0,0,0,0,0,0,2
38,0.313333333,0.706666667,0.373333333,0.64,0,0,0,0,0,0,0,0,0,0,0,0,0,0,0,0,0,0,0,0,0,0,0,0,0,0,0,0,0,0,0,0,2
39,0.313333333,0.706666667,0.373333333,0.64,0,0,0,0,0,0,0,0,0,0,0,0,0,0,0,0,0,0,0,0,0,0,0,0,0,0,0,0,0,0,0,0,2
40,0.3,0.673333333,0.38,0.573333333,0,0,0,0,0,0,0,0,0,0,0,0,0,0,0,0,0,0,0,0,0,0,0,0,0,0,0,0,0,0,0,0,2
41,0.3,0.673333333,0.38,0.573333333,0,0,0,0,0,0,0,0,0,0,0,0,0,0,0,0,0,0,0,0,0,0,0,0,0,0,0,0,0,0,0,0,2
42,0.266666667,0.666666667,0.38,0.58,0,0,0,0,0,0,0,0,0,0,0,0,0,0,0,0,0,0,0,0,0,0,0,0,0,0,0,0,0,0,0,0,2
43,0.266666667,0.666666667,0.38,0.58,0,0,0,0,0,0,0,0,0,0,0,0,0,0,0,0,0,0,0,0,0,0,0,0,0,0,0,0,0,0,0,0,2
44,0.266666667,0.673333333,0.38,0.586666667,0,0,0,0,0,0,0,0,0,0,0,0,0,0,0,0,0,0,0,0,0,0,0,0,0,0,0,0,0,0,0,0,2
45,0.266666667,0.673333333,0.38,0.586666667,0,0,0,0,0,0,0,0,0,0,0,0,0,0,0,0,0,0,0,0,0,0,0,0,0,0,0,0,0,0,0,0,2
46,0.286666667,0.68,0.373333333,0.586666667,0,0,0,0,0,0,0,0,0,0,0,0,0,0,0,0,0,0,0,0,0,0,0,0,0,0,0,0,0,0,0,0,2
47,0.286666667,0.68,0.373333333,0.586666667,0,0,0,0,0,0,0,0,0,0,0,0,0,0,0,0,0,0,0,0,0,0,0,0,0,0,0,0,0,0,0,0,2
48,0.166666667,0.713333333,0.413333333,0.58,0,0,0,0,0,0,0,0,0,0,0,0,0,0,0,0,0,0,0,0,0,0,0,0,0,0,0,0,0,0,0,0,2
49,0.166666667,0.713333333,0.413333333,0.58,0,0,0,0,0,0,0,0,0,0,0,0,0,0,0,0,0,0,0,0,0,0,0,0,0,0,0,0,0,0,0,0,2
50,0.24,0.706666667,0.413333333,0.606666667,0.26,0.793333333,0,0,0,0,0,0,0,0,0,0,0,0,0,0,0,0,0,0,0,0,0,0,0,0,0,0,0,0,0,0,2
51,0.24,0.706666667,0.413333333,0.606666667,0.26,0.793333333,0,0,0,0,0,0,0,0,0,0,0,0,0,0,0,0,0,0,0,0,0,0,0,0,0,0,0,0,0,0,2
52,0.24,0.706666667,0.413333333,0.606666667,0.26,0.793333333,0,0,0,0,0,0,0,0,0,0,0,0,0,0,0,0,0,0,0,0,0,0,0,0,0,0,0,0,0,0,2
53,0.26,0.72,0.413333333,0.593333333,0,0,0,0,0,0,0,0,0,0,0,0,0,0,0,0,0,0,0,0,0,0,0,0,0,0,0,0,0,0,0,0,2
54,0.26,0.72,0.413333333,0.593333333,0,0,0,0,0,0,0,0,0,0,0,0,0,0,0,0,0,0,0,0,0,0,0,0,0,0,0,0,0,0,0,0,2
55,0.26,0.733333333,0.386666667,0.646666667,0.266666667,0.78,0,0,0,0,0,0,0,0,0,0,0,0,0,0,0,0,0,0,0,0,0,0,0,0,0,0,0,0,0,0,2
56,0.26,0.733333333,0.386666667,0.646666667,0.266666667,0.78,0,0,0,0,0,0,0,0,0,0,0,0,0,0,0,0,0,0,0,0,0,0,0,0,0,0,0,0,0,0,2
57,0.26,0.733333333,0.386666667,0.646666667,0.266666667,0.78,0,0,0,0,0,0,0,0,0,0,0,0,0,0,0,0,0,0,0,0,0,0,0,0,0,0,0,0,0,0,2
58,0.246666667,0.726666667,0.386666667,0.626666667,0.246666667,0.766666667,0.253333333,0.813333333,0,0,0,0,0,0,0,0,0,0,0,0,0,0,0,0,0,0,0,0,0,0,0,0,0,0,0,0,2
59,0.246666667,0.726666667,0.386666667,0.626666667,0.246666667,0.766666667,0.253333333,0.813333333,0,0,0,0,0,0,0,0,0,0,0,0,0,0,0,0,0,0,0,0,0,0,0,0,0,0,0,0,2
60,0.246666667,0.726666667,0.386666667,0.626666667,0.246666667,0.766666667,0.253333333,0.813333333,0,0,0,0,0,0,0,0,0,0,0,0,0,0,0,0,0,0,0,0,0,0,0,0,0,0,0,0,2
61,0.246666667,0.726666667,0.386666667,0.626666667,0.246666667,0.766666667,0.253333333,0.813333333,0,0,0,0,0,0,0,0,0,0,0,0,0,0,0,0,0,0,0,0,0,0,0,0,0,0,0,0,2
62,0.246666667,0.733333333,0.386666667,0.626666667,0.246666667,0.773333333,0.26,0.82,0,0,0,0,0,0,0,0,0,0,0,0,0,0,0,0,0,0,0,0,0,0,0,0,0,0,0,0,2
63,0.246666667,0.733333333,0.386666667,0.626666667,0.246666667,0.773333333,0.26,0.82,0,0,0,0,0,0,0,0,0,0,0,0,0,0,0,0,0,0,0,0,0,0,0,0,0,0,0,0,2
64,0.246666667,0.733333333,0.386666667,0.626666667,0.246666667,0.773333333,0.26,0.82,0,0,0,0,0,0,0,0,0,0,0,0,0,0,0,0,0,0,0,0,0,0,0,0,0,0,0,0,2
65,0.246666667,0.733333333,0.386666667,0.626666667,0.246666667,0.773333333,0.26,0.82,0,0,0,0,0,0,0,0,0,0,0,0,0,0,0,0,0,0,0,0,0,0,0,0,0,0,0,0,2
66,0.246666667,0.733333333,0.386666667,0.626666667,0.233333333,0.773333333,0,0,0,0,0,0,0,0,0,0,0,0,0,0,0,0,0,0,0,0,0,0,0,0,0,0,0,0,0,0,2
67,0.246666667,0.733333333,0.386666667,0.626666667,0.233333333,0.773333333,0,0,0,0,0,0,0,0,0,0,0,0,0,0,0,0,0,0,0,0,0,0,0,0,0,0,0,0,0,0,2
68,0.246666667,0.733333333,0.386666667,0.626666667,0.233333333,0.773333333,0,0,0,0,0,0,0,0,0,0,0,0,0,0,0,0,0,0,0,0,0,0,0,0,0,0,0,0,0,0,2
69,0.246666667,0.733333333,0.386666667,0.626666667,0.24,0.766666667,0.26,0.813333333,0,0,0,0,0,0,0,0,0,0,0,0,0,0,0,0,0,0,0,0,0,0,0,0,0,0,0,0,2
70,0.246666667,0.733333333,0.386666667,0.626666667,0.24,0.766666667,0.26,0.813333333,0,0,0,0,0,0,0,0,0,0,0,0,0,0,0,0,0,0,0,0,0,0,0,0,0,0,0,0,2
71,0.246666667,0.733333333,0.386666667,0.626666667,0.24,0.766666667,0.26,0.813333333,0,0,0,0,0,0,0,0,0,0,0,0,0,0,0,0,0,0,0,0,0,0,0,0,0,0,0,0,2
72,0.246666667,0.733333333,0.386666667,0.626666667,0.24,0.766666667,0.26,0.813333333,0,0,0,0,0,0,0,0,0,0,0,0,0,0,0,0,0,0,0,0,0,0,0,0,0,0,0,0,2
73,0.266666667,0.646666667,0.346666667,0.573333333,0,0,0,0,0,0,0,0,0,0,0,0,0,0,0,0,0,0,0,0,0,0,0,0,0,0,0,0,0,0,0,0,2
74,0.266666667,0.646666667,0.346666667,0.573333333,0,0,0,0,0,0,0,0,0,0,0,0,0,0,0,0,0,0,0,0,0,0,0,0,0,0,0,0,0,0,0,0,2
75,0.253333333,0.666666667,0.346666667,0.573333333,0,0,0,0,0,0,0,0,0,0,0,0,0,0,0,0,0,0,0,0,0,0,0,0,0,0,0,0,0,0,0,0,2
76,0.253333333,0.666666667,0.346666667,0.573333333,0,0,0,0,0,0,0,0,0,0,0,0,0,0,0,0,0,0,0,0,0,0,0,0,0,0,0,0,0,0,0,0,2
77,0.253333333,0.66,0.34,0.58,0,0,0,0,0,0,0,0,0,0,0,0,0,0,0,0,0,0,0,0,0,0,0,0,0,0,0,0,0,0,0,0,2
78,0.253333333,0.66,0.34,0.58,0,0,0,0,0,0,0,0,0,0,0,0,0,0,0,0,0,0,0,0,0,0,0,0,0,0,0,0,0,0,0,0,2
79,0.3,0.693333333,0.433333333,0.6,0,0,0,0,0,0,0,0,0,0,0,0,0,0,0,0,0,0,0,0,0,0,0,0,0,0,0,0,0,0,0,0,2
80,0.3,0.693333333,0.433333333,0.6,0,0,0,0,0,0,0,0,0,0,0,0,0,0,0,0,0,0,0,0,0,0,0,0,0,0,0,0,0,0,0,0,2
81,0.306666667,0.693333333,0.453333333,0.613333333,0,0,0,0,0,0,0,0,0,0,0,0,0,0,0,0,0,0,0,0,0,0,0,0,0,0,0,0,0,0,0,0,2
82,0.306666667,0.693333333,0.453333333,0.613333333,0,0,0,0,0,0,0,0,0,0,0,0,0,0,0,0,0,0,0,0,0,0,0,0,0,0,0,0,0,0,0,0,2
83,0.306666667,0.733333333,0.433333333,0.64,0,0,0,0,0,0,0,0,0,0,0,0,0,0,0,0,0,0,0,0,0,0,0,0,0,0,0,0,0,0,0,0,2
84,0.306666667,0.733333333,0.433333333,0.64,0,0,0,0,0,0,0,0,0,0,0,0,0,0,0,0,0,0,0,0,0,0,0,0,0,0,0,0,0,0,0,0,2
85,0.286666667,0.733333333,0.44,0.62,0,0,0,0,0,0,0,0,0,0,0,0,0,0,0,0,0,0,0,0,0,0,0,0,0,0,0,0,0,0,0,0,2
86,0.286666667,0.733333333,0.44,0.62,0,0,0,0,0,0,0,0,0,0,0,0,0,0,0,0,0,0,0,0,0,0,0,0,0,0,0,0,0,0,0,0,2
87,0.293333333,0.733333333,0.44,0.626666667,0,0,0,0,0,0,0,0,0,0,0,0,0,0,0,0,0,0,0,0,0,0,0,0,0,0,0,0,0,0,0,0,2
88,0.293333333,0.733333333,0.44,0.626666667,0,0,0,0,0,0,0,0,0,0,0,0,0,0,0,0,0,0,0,0,0,0,0,0,0,0,0,0,0,0,0,0,2
89,0.226666667,0.733333333,0,0,0,0,0,0,0,0,0,0,0,0,0,0,0,0,0,0,0,0,0,0,0,0,0,0,0,0,0,0,0,0,0,0,2
90,0.273333333,0.74,0.346666667,0.733333333,0.08,0.633333333,0,0,0,0,0,0,0,0,0,0,0,0,0,0,0,0,0,0,0,0,0,0,0,0,0,0,0,0,0,0,2
91,0.273333333,0.74,0.346666667,0.733333333,0.08,0.633333333,0,0,0,0,0,0,0,0,0,0,0,0,0,0,0,0,0,0,0,0,0,0,0,0,0,0,0,0,0,0,2
92,0.273333333,0.74,0.346666667,0.733333333,0.08,0.633333333,0,0,0,0,0,0,0,0,0,0,0,0,0,0,0,0,0,0,0,0,0,0,0,0,0,0,0,0,0,0,2
93,0.273333333,0.733333333,0.346666667,0.746666667,0,0,0,0,0,0,0,0,0,0,0,0,0,0,0,0,0,0,0,0,0,0,0,0,0,0,0,0,0,0,0,0,2
94,0.273333333,0.733333333,0.346666667,0.746666667,0,0,0,0,0,0,0,0,0,0,0,0,0,0,0,0,0,0,0,0,0,0,0,0,0,0,0,0,0,0,0,0,2
95,0.333333333,0.653333333,0.406666667,0.646666667,0,0,0,0,0,0,0,0,0,0,0,0,0,0,0,0,0,0,0,0,0,0,0,0,0,0,0,0,0,0,0,0,2
96,0.333333333,0.653333333,0.406666667,0.646666667,0,0,0,0,0,0,0,0,0,0,0,0,0,0,0,0,0,0,0,0,0,0,0,0,0,0,0,0,0,0,0,0,2
97,0.413333333,0.546666667,0.413333333,0.593333333,0.226666667,0.58,0.04,0.666666667,0,0,0,0,0,0,0,0,0,0,0,0,0,0,0,0,0,0,0,0,0,0,0,0,0,0,0,0,2
98,0.413333333,0.546666667,0.413333333,0.593333333,0.226666667,0.58,0.04,0.666666667,0,0,0,0,0,0,0,0,0,0,0,0,0,0,0,0,0,0,0,0,0,0,0,0,0,0,0,0,2
99,0.413333333,0.546666667,0.413333333,0.593333333,0.226666667,0.58,0.04,0.666666667,0,0,0,0,0,0,0,0,0,0,0,0,0,0,0,0,0,0,0,0,0,0,0,0,0,0,0,0,2
100,0.413333333,0.546666667,0.413333333,0.593333333,0.226666667,0.58,0.04,0.666666667,0,0,0,0,0,0,0,0,0,0,0,0,0,0,0,0,0,0,0,0,0,0,0,0,0,0,0,0,2
101,0.526666667,0.493333333,0.5,0.546666667,0.346666667,0.573333333,0.22,0.773333333,0,0,0,0,0,0,0,0,0,0,0,0,0,0,0,0,0,0,0,0,0,0,0,0,0,0,0,0,2
102,0.526666667,0.493333333,0.5,0.546666667,0.346666667,0.573333333,0.22,0.773333333,0,0,0,0,0,0,0,0,0,0,0,0,0,0,0,0,0,0,0,0,0,0,0,0,0,0,0,0,2
103,0.526666667,0.493333333,0.5,0.546666667,0.346666667,0.573333333,0.22,0.773333333,0,0,0,0,0,0,0,0,0,0,0,0,0,0,0,0,0,0,0,0,0,0,0,0,0,0,0,0,2
104,0.526666667,0.493333333,0.5,0.546666667,0.346666667,0.573333333,0.22,0.773333333,0,0,0,0,0,0,0,0,0,0,0,0,0,0,0,0,0,0,0,0,0,0,0,0,0,0,0,0,2
105,0.553333333,0.506666667,0.506666667,0.546666667,0.346666667,0.573333333,0.213333333,0.773333333,0,0,0,0,0,0,0,0,0,0,0,0,0,0,0,0,0,0,0,0,0,0,0,0,0,0,0,0,2
106,0.553333333,0.506666667,0.506666667,0.546666667,0.346666667,0.573333333,0.213333333,0.773333333,0,0,0,0,0,0,0,0,0,0,0,0,0,0,0,0,0,0,0,0,0,0,0,0,0,0,0,0,2
107,0.553333333,0.506666667,0.506666667,0.546666667,0.346666667,0.573333333,0.213333333,0.773333333,0,0,0,0,0,0,0,0,0,0,0,0,0,0,0,0,0,0,0,0,0,0,0,0,0,0,0,0,2
108,0.553333333,0.506666667,0.506666667,0.546666667,0.346666667,0.573333333,0.213333333,0.773333333,0,0,0,0,0,0,0,0,0,0,0,0,0,0,0,0,0,0,0,0,0,0,0,0,0,0,0,0,2
109,0.526666667,0.513333333,0.5,0.553333333,0.346666667,0.586666667,0.233333333,0.78,0,0,0,0,0,0,0,0,0,0,0,0,0,0,0,0,0,0,0,0,0,0,0,0,0,0,0,0,2
110,0.526666667,0.513333333,0.5,0.553333333,0.346666667,0.586666667,0.233333333,0.78,0,0,0,0,0,0,0,0,0,0,0,0,0,0,0,0,0,0,0,0,0,0,0,0,0,0,0,0,2
111,0.526666667,0.513333333,0.5,0.553333333,0.346666667,0.586666667,0.233333333,0.78,0,0,0,0,0,0,0,0,0,0,0,0,0,0,0,0,0,0,0,0,0,0,0,0,0,0,0,0,2
112,0.526666667,0.513333333,0.5,0.553333333,0.346666667,0.586666667,0.233333333,0.78,0,0,0,0,0,0,0,0,0,0,0,0,0,0,0,0,0,0,0,0,0,0,0,0,0,0,0,0,2
113,0.453333333,0.566666667,0.493333333,0.58,0.313333333,0.633333333,0.226666667,0.766666667,0,0,0,0,0,0,0,0,0,0,0,0,0,0,0,0,0,0,0,0,0,0,0,0,0,0,0,0,2
114,0.453333333,0.566666667,0.493333333,0.58,0.313333333,0.633333333,0.226666667,0.766666667,0,0,0,0,0,0,0,0,0,0,0,0,0,0,0,0,0,0,0,0,0,0,0,0,0,0,0,0,2
115,0.453333333,0.566666667,0.493333333,0.58,0.313333333,0.633333333,0.226666667,0.766666667,0,0,0,0,0,0,0,0,0,0,0,0,0,0,0,0,0,0,0,0,0,0,0,0,0,0,0,0,2
116,0.453333333,0.566666667,0.493333333,0.58,0.313333333,0.633333333,0.226666667,0.766666667,0,0,0,0,0,0,0,0,0,0,0,0,0,0,0,0,0,0,0,0,0,0,0,0,0,0,0,0,2
117,0.513333333,0.66,0.5,0.653333333,0.26,0.746666667,0.2,0.8,0,0,0,0,0,0,0,0,0,0,0,0,0,0,0,0,0,0,0,0,0,0,0,0,0,0,0,0,2
118,0.513333333,0.66,0.5,0.653333333,0.26,0.746666667,0.2,0.8,0,0,0,0,0,0,0,0,0,0,0,0,0,0,0,0,0,0,0,0,0,0,0,0,0,0,0,0,2
119,0.513333333,0.66,0.5,0.653333333,0.26,0.746666667,0.2,0.8,0,0,0,0,0,0,0,0,0,0,0,0,0,0,0,0,0,0,0,0,0,0,0,0,0,0,0,0,2
120,0.513333333,0.66,0.5,0.653333333,0.26,0.746666667,0.2,0.8,0,0,0,0,0,0,0,0,0,0,0,0,0,0,0,0,0,0,0,0,0,0,0,0,0,0,0,0,2
121,0.4,0.853333333,0.42,0.84,0,0,0,0,0,0,0,0,0,0,0,0,0,0,0,0,0,0,0,0,0,0,0,0,0,0,0,0,0,0,0,0,2
122,0.4,0.853333333,0.42,0.84,0,0,0,0,0,0,0,0,0,0,0,0,0,0,0,0,0,0,0,0,0,0,0,0,0,0,0,0,0,0,0,0,2
123,0.4,0.826666667,0.466666667,0.846666667,0,0,0,0,0,0,0,0,0,0,0,0,0,0,0,0,0,0,0,0,0,0,0,0,0,0,0,0,0,0,0,0,2
124,0.4,0.826666667,0.466666667,0.846666667,0,0,0,0,0,0,0,0,0,0,0,0,0,0,0,0,0,0,0,0,0,0,0,0,0,0,0,0,0,0,0,0,2
125,0.573333333,0.76,0.686666667,0.68,0,0,0,0,0,0,0,0,0,0,0,0,0,0,0,0,0,0,0,0,0,0,0,0,0,0,0,0,0,0,0,0,2
126,0.573333333,0.76,0.686666667,0.68,0,0,0,0,0,0,0,0,0,0,0,0,0,0,0,0,0,0,0,0,0,0,0,0,0,0,0,0,0,0,0,0,2
127,0.486666667,0.753333333,0.633333333,0.653333333,0,0,0,0,0,0,0,0,0,0,0,0,0,0,0,0,0,0,0,0,0,0,0,0,0,0,0,0,0,0,0,0,2
128,0.486666667,0.753333333,0.633333333,0.653333333,0,0,0,0,0,0,0,0,0,0,0,0,0,0,0,0,0,0,0,0,0,0,0,0,0,0,0,0,0,0,0,0,2
129,0.473333333,0.753333333,0.62,0.646666667,0,0,0,0,0,0,0,0,0,0,0,0,0,0,0,0,0,0,0,0,0,0,0,0,0,0,0,0,0,0,0,0,2
130,0.473333333,0.753333333,0.62,0.646666667,0,0,0,0,0,0,0,0,0,0,0,0,0,0,0,0,0,0,0,0,0,0,0,0,0,0,0,0,0,0,0,0,2
131,0.706666667,0.7,0.833333333,0.62,0,0,0,0,0,0,0,0,0,0,0,0,0,0,0,0,0,0,0,0,0,0,0,0,0,0,0,0,0,0,0,0,2
132,0.706666667,0.7,0.833333333,0.62,0,0,0,0,0,0,0,0,0,0,0,0,0,0,0,0,0,0,0,0,0,0,0,0,0,0,0,0,0,0,0,0,2
133,0.22,0.68,0.333333333,0.62,0,0,0,0,0,0,0,0,0,0,0,0,0,0,0,0,0,0,0,0,0,0,0,0,0,0,0,0,0,0,0,0,2
134,0.22,0.68,0.333333333,0.62,0,0,0,0,0,0,0,0,0,0,0,0,0,0,0,0,0,0,0,0,0,0,0,0,0,0,0,0,0,0,0,0,2
135,0.0933333333,0.7,0.26,0.626666667,0,0,0,0,0,0,0,0,0,0,0,0,0,0,0,0,0,0,0,0,0,0,0,0,0,0,0,0,0,0,0,0,2
136,0.0933333333,0.7,0.26,0.626666667,0,0,0,0,0,0,0,0,0,0,0,0,0,0,0,0,0,0,0,0,0,0,0,0,0,0,0,0,0,0,0,0,2
137,0.14,0.74,0.286666667,0.613333333,0,0,0,0,0,0,0,0,0,0,0,0,0,0,0,0,0,0,0,0,0,0,0,0,0,0,0,0,0,0,0,0,2
138,0.14,0.74,0.286666667,0.613333333,0,0,0,0,0,0,0,0,0,0,0,0,0,0,0,0,0,0,0,0,0,0,0,0,0,0,0,0,0,0,0,0,2
139,0.16,0.64,0.286666667,0.573333333,0,0,0,0,0,0,0,0,0,0,0,0,0,0,0,0,0,0,0,0,0,0,0,0,0,0,0,0,0,0,0,0,2
140,0.16,0.64,0.286666667,0.573333333,0,0,0,0,0,0,0,0,0,0,0,0,0,0,0,0,0,0,0,0,0,0,0,0,0,0,0,0,0,0,0,0,2
141,0.2,0.72,0.333333333,0.566666667,0,0,0,0,0,0,0,0,0,0,0,0,0,0,0,0,0,0,0,0,0,0,0,0,0,0,0,0,0,0,0,0,2
142,0.2,0.72,0.333333333,0.566666667,0,0,0,0,0,0,0,0,0,0,0,0,0,0,0,0,0,0,0,0,0,0,0,0,0,0,0,0,0,0,0,0,2
143,0.18,0.713333333,0.346666667,0.6,0,0,0,0,0,0,0,0,0,0,0,0,0,0,0,0,0,0,0,0,0,0,0,0,0,0,0,0,0,0,0,0,2
144,0.18,0.713333333,0.346666667,0.6,0,0,0,0,0,0,0,0,0,0,0,0,0,0,0,0,0,0,0,0,0,0,0,0,0,0,0,0,0,0,0,0,2
145,0.206666667,0.72,0.353333333,0.66,0,0,0,0,0,0,0,0,0,0,0,0,0,0,0,0,0,0,0,0,0,0,0,0,0,0,0,0,0,0,0,0,2
146,0.206666667,0.72,0.353333333,0.66,0,0,0,0,0,0,0,0,0,0,0,0,0,0,0,0,0,0,0,0,0,0,0,0,0,0,0,0,0,0,0,0,2
147,0.366666667,0.846666667,0.54,0.74,0,0,0,0,0,0,0,0,0,0,0,0,0,0,0,0,0,0,0,0,0,0,0,0,0,0,0,0,0,0,0,0,2
148,0.366666667,0.846666667,0.54,0.74,0,0,0,0,0,0,0,0,0,0,0,0,0,0,0,0,0,0,0,0,0,0,0,0,0,0,0,0,0,0,0,0,2
149,0.42,0.873333333,0.56,0.84,0,0,0,0,0,0,0,0,0,0,0,0,0,0,0,0,0,0,0,0,0,0,0,0,0,0,0,0,0,0,0,0,2
150,0.42,0.873333333,0.56,0.84,0,0,0,0,0,0,0,0,0,0,0,0,0,0,0,0,0,0,0,0,0,0,0,0,0,0,0,0,0,0,0,0,2
151,0.366666667,0.886666667,0.533333333,0.82,0,0,0,0,0,0,0,0,0,0,0,0,0,0,0,0,0,0,0,0,0,0,0,0,0,0,0,0,0,0,0,0,2
152,0.366666667,0.886666667,0.533333333,0.82,0,0,0,0,0,0,0,0,0,0,0,0,0,0,0,0,0,0,0,0,0,0,0,0,0,0,0,0,0,0,0,0,2
153,0.36,0.78,0.52,0.713333333,0,0,0,0,0,0,0,0,0,0,0,0,0,0,0,0,0,0,0,0,0,0,0,0,0,0,0,0,0,0,0,0,2
154,0.36,0.78,0.52,0.713333333,0,0,0,0,0,0,0,0,0,0,0,0,0,0,0,0,0,0,0,0,0,0,0,0,0,0,0,0,0,0,0,0,2
155,0.206666667,0.78,0.393333333,0.693333333,0,0,0,0,0,0,0,0,0,0,0,0,0,0,0,0,0,0,0,0,0,0,0,0,0,0,0,0,0,0,0,0,2
156,0.206666667,0.78,0.393333333,0.693333333,0,0,0,0,0,0,0,0,0,0,0,0,0,0,0,0,0,0,0,0,0,0,0,0,0,0,0,0,0,0,0,0,2
157,0.266666667,0.8,0.453333333,0.686666667,0,0,0,0,0,0,0,0,0,0,0,0,0,0,0,0,0,0,0,0,0,0,0,0,0,0,0,0,0,0,0,0,2
158,0.266666667,0.8,0.453333333,0.686666667,0,0,0,0,0,0,0,0,0,0,0,0,0,0,0,0,0,0,0,0,0,0,0,0,0,0,0,0,0,0,0,0,2
159,0.286666667,0.786666667,0.48,0.66,0,0,0,0,0,0,0,0,0,0,0,0,0,0,0,0,0,0,0,0,0,0,0,0,0,0,0,0,0,0,0,0,2
160,0.286666667,0.786666667,0.48,0.66,0,0,0,0,0,0,0,0,0,0,0,0,0,0,0,0,0,0,0,0,0,0,0,0,0,0,0,0,0,0,0,0,2
161,0.426666667,0.76,0.586666667,0.666666667,0,0,0,0,0,0,0,0,0,0,0,0,0,0,0,0,0,0,0,0,0,0,0,0,0,0,0,0,0,0,0,0,2
162,0.426666667,0.76,0.586666667,0.666666667,0,0,0,0,0,0,0,0,0,0,0,0,0,0,0,0,0,0,0,0,0,0,0,0,0,0,0,0,0,0,0,0,2
163,0.44,0.74,0.606666667,0.66,0,0,0,0,0,0,0,0,0,0,0,0,0,0,0,0,0,0,0,0,0,0,0,0,0,0,0,0,0,0,0,0,2
164,0.44,0.74,0.606666667,0.66,0,0,0,0,0,0,0,0,0,0,0,0,0,0,0,0,0,0,0,0,0,0,0,0,0,0,0,0,0,0,0,0,2
165,0.406666667,0.733333333,0.56,0.66,0,0,0,0,0,0,0,0,0,0,0,0,0,0,0,0,0,0,0,0,0,0,0,0,0,0,0,0,0,0,0,0,2
166,0.406666667,0.733333333,0.56,0.66,0,0,0,0,0,0,0,0,0,0,0,0,0,0,0,0,0,0,0,0,0,0,0,0,0,0,0,0,0,0,0,0,2
167,0.413333333,0.693333333,0.566666667,0.62,0,0,0,0,0,0,0,0,0,0,0,0,0,0,0,0,0,0,0,0,0,0,0,0,0,0,0,0,0,0,0,0,2
168,0.413333333,0.693333333,0.566666667,0.62,0,0,0,0,0,0,0,0,0,0,0,0,0,0,0,0,0,0,0,0,0,0,0,0,0,0,0,0,0,0,0,0,2
169,0.406666667,0.7,0.573333333,0.613333333,0,0,0,0,0,0,0,0,0,0,0,0,0,0,0,0,0,0,0,0,0,0,0,0,0,0,0,0,0,0,0,0,2
170,0.406666667,0.7,0.573333333,0.613333333,0,0,0,0,0,0,0,0,0,0,0,0,0,0,0,0,0,0,0,0,0,0,0,0,0,0,0,0,0,0,0,0,2
171,0.38,0.706666667,0.546666667,0.633333333,0,0,0,0,0,0,0,0,0,0,0,0,0,0,0,0,0,0,0,0,0,0,0,0,0,0,0,0,0,0,0,0,2
172,0.38,0.706666667,0.546666667,0.633333333,0,0,0,0,0,0,0,0,0,0,0,0,0,0,0,0,0,0,0,0,0,0,0,0,0,0,0,0,0,0,0,0,2
173,0.233333333,0.733333333,0.42,0.64,0,0,0,0,0,0,0,0,0,0,0,0,0,0,0,0,0,0,0,0,0,0,0,0,0,0,0,0,0,0,0,0,2
174,0.233333333,0.733333333,0.42,0.64,0,0,0,0,0,0,0,0,0,0,0,0,0,0,0,0,0,0,0,0,0,0,0,0,0,0,0,0,0,0,0,0,2
175,0.226666667,0.706666667,0.413333333,0.626666667,0,0,0,0,0,0,0,0,0,0,0,0,0,0,0,0,0,0,0,0,0,0,0,0,0,0,0,0,0,0,0,0,2
176,0.226666667,0.706666667,0.413333333,0.626666667,0,0,0,0,0,0,0,0,0,0,0,0,0,0,0,0,0,0,0,0,0,0,0,0,0,0,0,0,0,0,0,0,2
177,0.26,0.493333333,0.34,0.46,0.246666667,0.546666667,0,0,0,0,0,0,0,0,0,0,0,0,0,0,0,0,0,0,0,0,0,0,0,0,0,0,0,0,0,0,2
178,0.26,0.493333333,0.34,0.46,0.246666667,0.546666667,0,0,0,0,0,0,0,0,0,0,0,0,0,0,0,0,0,0,0,0,0,0,0,0,0,0,0,0,0,0,2
179,0.26,0.493333333,0.34,0.46,0.246666667,0.546666667,0,0,0,0,0,0,0,0,0,0,0,0,0,0,0,0,0,0,0,0,0,0,0,0,0,0,0,0,0,0,2
180,0.233333333,0.44,0.313333333,0.393333333,0,0,0,0,0,0,0,0,0,0,0,0,0,0,0,0,0,0,0,0,0,0,0,0,0,0,0,0,0,0,0,0,2
181,0.233333333,0.44,0.313333333,0.393333333,0,0,0,0,0,0,0,0,0,0,0,0,0,0,0,0,0,0,0,0,0,0,0,0,0,0,0,0,0,0,0,0,2
182,0.22,0.466666667,0.3,0.606666667,0,0,0,0,0,0,0,0,0,0,0,0,0,0,0,0,0,0,0,0,0,0,0,0,0,0,0,0,0,0,0,0,2
183,0.22,0.466666667,0.3,0.606666667,0,0,0,0,0,0,0,0,0,0,0,0,0,0,0,0,0,0,0,0,0,0,0,0,0,0,0,0,0,0,0,0,2
184,0.22,0.56,0.34,0.553333333,0.273333333,0.613333333,0,0,0,0,0,0,0,0,0,0,0,0,0,0,0,0,0,0,0,0,0,0,0,0,0,0,0,0,0,0,2
185,0.22,0.56,0.34,0.553333333,0.273333333,0.613333333,0,0,0,0,0,0,0,0,0,0,0,0,0,0,0,0,0,0,0,0,0,0,0,0,0,0,0,0,0,0,2
186,0.22,0.56,0.34,0.553333333,0.273333333,0.613333333,0,0,0,0,0,0,0,0,0,0,0,0,0,0,0,0,0,0,0,0,0,0,0,0,0,0,0,0,0,0,2
187,0.22,0.573333333,0.34,0.566666667,0.273333333,0.633333333,0,0,0,0,0,0,0,0,0,0,0,0,0,0,0,0,0,0,0,0,0,0,0,0,0,0,0,0,0,0,2
188,0.22,0.573333333,0.34,0.566666667,0.273333333,0.633333333,0,0,0,0,0,0,0,0,0,0,0,0,0,0,0,0,0,0,0,0,0,0,0,0,0,0,0,0,0,0,2
189,0.22,0.573333333,0.34,0.566666667,0.273333333,0.633333333,0,0,0,0,0,0,0,0,0,0,0,0,0,0,0,0,0,0,0,0,0,0,0,0,0,0,0,0,0,0,2
190,0.233333333,0.566666667,0.326666667,0.566666667,0.253333333,0.64,0,0,0,0,0,0,0,0,0,0,0,0,0,0,0,0,0,0,0,0,0,0,0,0,0,0,0,0,0,0,2
191,0.233333333,0.566666667,0.326666667,0.566666667,0.253333333,0.64,0,0,0,0,0,0,0,0,0,0,0,0,0,0,0,0,0,0,0,0,0,0,0,0,0,0,0,0,0,0,2
192,0.233333333,0.566666667,0.326666667,0.566666667,0.253333333,0.64,0,0,0,0,0,0,0,0,0,0,0,0,0,0,0,0,0,0,0,0,0,0,0,0,0,0,0,0,0,0,2
193,0.233333333,0.58,0.333333333,0.573333333,0.253333333,0.64,0,0,0,0,0,0,0,0,0,0,0,0,0,0,0,0,0,0,0,0,0,0,0,0,0,0,0,0,0,0,2
194,0.233333333,0.58,0.333333333,0.573333333,0.253333333,0.64,0,0,0,0,0,0,0,0,0,0,0,0,0,0,0,0,0,0,0,0,0,0,0,0,0,0,0,0,0,0,2
195,0.233333333,0.58,0.333333333,0.573333333,0.253333333,0.64,0,0,0,0,0,0,0,0,0,0,0,0,0,0,0,0,0,0,0,0,0,0,0,0,0,0,0,0,0,0,2
196,0.233333333,0.573333333,0.346666667,0.58,0.266666667,0.653333333,0,0,0,0,0,0,0,0,0,0,0,0,0,0,0,0,0,0,0,0,0,0,0,0,0,0,0,0,0,0,2
197,0.233333333,0.573333333,0.346666667,0.58,0.266666667,0.653333333,0,0,0,0,0,0,0,0,0,0,0,0,0,0,0,0,0,0,0,0,0,0,0,0,0,0,0,0,0,0,2
198,0.233333333,0.573333333,0.346666667,0.58,0.266666667,0.653333333,0,0,0,0,0,0,0,0,0,0,0,0,0,0,0,0,0,0,0,0,0,0,0,0,0,0,0,0,0,0,2
199,0.24,0.56,0.353333333,0.58,0.266666667,0.653333333,0,0,0,0,0,0,0,0,0,0,0,0,0,0,0,0,0,0,0,0,0,0,0,0,0,0,0,0,0,0,2
200,0.24,0.56,0.353333333,0.58,0.266666667,0.653333333,0,0,0,0,0,0,0,0,0,0,0,0,0,0,0,0,0,0,0,0,0,0,0,0,0,0,0,0,0,0,2
201,0.24,0.56,0.353333333,0.58,0.266666667,0.653333333,0,0,0,0,0,0,0,0,0,0,0,0,0,0,0,0,0,0,0,0,0,0,0,0,0,0,0,0,0,0,2
202,0.546666667,0.246666667,0.566666667,0.44,0.44,0.386666667,0.286666667,0.466666667,0.08,0.553333333,0.693333333,0.413333333,0.806666667,0.56,0.853333333,0.713333333,0,0,0,0,0,0,0,0,0,0,0,0,0,0,0,0,0,0,0,0,2
203,0.546666667,0.246666667,0.566666667,0.44,0.44,0.386666667,0.286666667,0.466666667,0.08,0.553333333,0.693333333,0.413333333,0.806666667,0.56,0.853333333,0.713333333,0,0,0,0,0,0,0,0,0,0,0,0,0,0,0,0,0,0,0,0,2
204,0.546666667,0.246666667,0.566666667,0.44,0.44,0.386666667,0.286666667,0.466666667,0.08,0.553333333,0.693333333,0.413333333,0.806666667,0.56,0.853333333,0.713333333,0,0,0,0,0,0,0,0,0,0,0,0,0,0,0,0,0,0,0,0,2
205,0.546666667,0.246666667,0.566666667,0.44,0.44,0.386666667,0.286666667,0.466666667,0.08,0.553333333,0.693333333,0.413333333,0.806666667,0.56,0.853333333,0.713333333,0,0,0,0,0,0,0,0,0,0,0,0,0,0,0,0,0,0,0,0,2
206,0.546666667,0.246666667,0.566666667,0.44,0.44,0.386666667,0.286666667,0.466666667,0.08,0.553333333,0.693333333,0.413333333,0.806666667,0.56,0.853333333,0.713333333,0,0,0,0,0,0,0,0,0,0,0,0,0,0,0,0,0,0,0,0,2
207,0.546666667,0.246666667,0.566666667,0.44,0.44,0.386666667,0.286666667,0.466666667,0.08,0.553333333,0.693333333,0.413333333,0.806666667,0.56,0.853333333,0.713333333,0,0,0,0,0,0,0,0,0,0,0,0,0,0,0,0,0,0,0,0,2
208,0.546666667,0.246666667,0.566666667,0.44,0.44,0.386666667,0.286666667,0.466666667,0.08,0.553333333,0.693333333,0.413333333,0.806666667,0.56,0.853333333,0.713333333,0,0,0,0,0,0,0,0,0,0,0,0,0,0,0,0,0,0,0,0,2
209,0.546666667,0.246666667,0.566666667,0.44,0.44,0.386666667,0.286666667,0.466666667,0.08,0.553333333,0.693333333,0.413333333,0.806666667,0.56,0.853333333,0.713333333,0,0,0,0,0,0,0,0,0,0,0,0,0,0,0,0,0,0,0,0,2
210,0.8,0.473333333,0.7,0.486666667,0,0,0,0,0,0,0,0,0,0,0,0,0,0,0,0,0,0,0,0,0,0,0,0,0,0,0,0,0,0,0,0,2
211,0.8,0.473333333,0.7,0.486666667,0,0,0,0,0,0,0,0,0,0,0,0,0,0,0,0,0,0,0,0,0,0,0,0,0,0,0,0,0,0,0,0,2
212,0.66,0.393333333,0.62,0.486666667,0.48,0.473333333,0.413333333,0.506666667,0,0,0,0,0,0,0,0,0,0,0,0,0,0,0,0,0,0,0,0,0,0,0,0,0,0,0,0,2
213,0.66,0.393333333,0.62,0.486666667,0.48,0.473333333,0.413333333,0.506666667,0,0,0,0,0,0,0,0,0,0,0,0,0,0,0,0,0,0,0,0,0,0,0,0,0,0,0,0,2
214,0.66,0.393333333,0.62,0.486666667,0.48,0.473333333,0.413333333,0.506666667,0,0,0,0,0,0,0,0,0,0,0,0,0,0,0,0,0,0,0,0,0,0,0,0,0,0,0,0,2
215,0.66,0.393333333,0.62,0.486666667,0.48,0.473333333,0.413333333,0.506666667,0,0,0,0,0,0,0,0,0,0,0,0,0,0,0,0,0,0,0,0,0,0,0,0,0,0,0,0,2
216,0.253333333,0.573333333,0.346666667,0.54,0,0,0,0,0,0,0,0,0,0,0,0,0,0,0,0,0,0,0,0,0,0,0,0,0,0,0,0,0,0,0,0,2
217,0.253333333,0.573333333,0.346666667,0.54,0,0,0,0,0,0,0,0,0,0,0,0,0,0,0,0,0,0,0,0,0,0,0,0,0,0,0,0,0,0,0,0,2
218,0.226666667,0.573333333,0.32,0.54,0,0,0,0,0,0,0,0,0,0,0,0,0,0,0,0,0,0,0,0,0,0,0,0,0,0,0,0,0,0,0,0,2
219,0.226666667,0.573333333,0.32,0.54,0,0,0,0,0,0,0,0,0,0,0,0,0,0,0,0,0,0,0,0,0,0,0,0,0,0,0,0,0,0,0,0,2
220,0.226666667,0.58,0.326666667,0.54,0.326666667,0.533333333,0,0,0,0,0,0,0,0,0,0,0,0,0,0,0,0,0,0,0,0,0,0,0,0,0,0,0,0,0,0,2
221,0.226666667,0.58,0.326666667,0.54,0.326666667,0.533333333,0,0,0,0,0,0,0,0,0,0,0,0,0,0,0,0,0,0,0,0,0,0,0,0,0,0,0,0,0,0,2
222,0.226666667,0.58,0.326666667,0.54,0.326666667,0.533333333,0,0,0,0,0,0,0,0,0,0,0,0,0,0,0,0,0,0,0,0,0,0,0,0,0,0,0,0,0,0,2
223,0.213333333,0.58,0.306666667,0.546666667,0.3,0.546666667,0,0,0,0,0,0,0,0,0,0,0,0,0,0,0,0,0,0,0,0,0,0,0,0,0,0,0,0,0,0,2
224,0.213333333,0.58,0.306666667,0.546666667,0.3,0.546666667,0,0,0,0,0,0,0,0,0,0,0,0,0,0,0,0,0,0,0,0,0,0,0,0,0,0,0,0,0,0,2
225,0.213333333,0.58,0.306666667,0.546666667,0.3,0.546666667,0,0,0,0,0,0,0,0,0,0,0,0,0,0,0,0,0,0,0,0,0,0,0,0,0,0,0,0,0,0,2
226,0.2,0.593333333,0.3,0.56,0.293333333,0.56,0,0,0,0,0,0,0,0,0,0,0,0,0,0,0,0,0,0,0,0,0,0,0,0,0,0,0,0,0,0,2
227,0.2,0.593333333,0.3,0.56,0.293333333,0.56,0,0,0,0,0,0,0,0,0,0,0,0,0,0,0,0,0,0,0,0,0,0,0,0,0,0,0,0,0,0,2
228,0.2,0.593333333,0.3,0.56,0.293333333,0.56,0,0,0,0,0,0,0,0,0,0,0,0,0,0,0,0,0,0,0,0,0,0,0,0,0,0,0,0,0,0,2
229,0.213333333,0.56,0.286666667,0.553333333,0,0,0,0,0,0,0,0,0,0,0,0,0,0,0,0,0,0,0,0,0,0,0,0,0,0,0,0,0,0,0,0,2
230,0.213333333,0.56,0.286666667,0.553333333,0,0,0,0,0,0,0,0,0,0,0,0,0,0,0,0,0,0,0,0,0,0,0,0,0,0,0,0,0,0,0,0,2
231,0.213333333,0.566666667,0.293333333,0.553333333,0.286666667,0.553333333,0,0,0,0,0,0,0,0,0,0,0,0,0,0,0,0,0,0,0,0,0,0,0,0,0,0,0,0,0,0,2
232,0.213333333,0.566666667,0.293333333,0.553333333,0.286666667,0.553333333,0,0,0,0,0,0,0,0,0,0,0,0,0,0,0,0,0,0,0,0,0,0,0,0,0,0,0,0,0,0,2
233,0.213333333,0.566666667,0.293333333,0.553333333,0.286666667,0.553333333,0,0,0,0,0,0,0,0,0,0,0,0,0,0,0,0,0,0,0,0,0,0,0,0,0,0,0,0,0,0,2
234,0.213333333,0.56,0.286666667,0.553333333,0.28,0.553333333,0,0,0,0,0,0,0,0,0,0,0,0,0,0,0,0,0,0,0,0,0,0,0,0,0,0,0,0,0,0,2
235,0.213333333,0.56,0.286666667,0.553333333,0.28,0.553333333,0,0,0,0,0,0,0,0,0,0,0,0,0,0,0,0,0,0,0,0,0,0,0,0,0,0,0,0,0,0,2
236,0.213333333,0.56,0.286666667,0.553333333,0.28,0.553333333,0,0,0,0,0,0,0,0,0,0,0,0,0,0,0,0,0,0,0,0,0,0,0,0,0,0,0,0,0,0,2
237,0.226666667,0.54,0.286666667,0.553333333,0.28,0.553333333,0,0,0,0,0,0,0,0,0,0,0,0,0,0,0,0,0,0,0,0,0,0,0,0,0,0,0,0,0,0,2
238,0.226666667,0.54,0.286666667,0.553333333,0.28,0.553333333,0,0,0,0,0,0,0,0,0,0,0,0,0,0,0,0,0,0,0,0,0,0,0,0,0,0,0,0,0,0,2
239,0.226666667,0.54,0.286666667,0.553333333,0.28,0.553333333,0,0,0,0,0,0,0,0,0,0,0,0,0,0,0,0,0,0,0,0,0,0,0,0,0,0,0,0,0,0,2
240,0.193333333,0.58,0.286666667,0.553333333,0.273333333,0.566666667,0,0,0,0,0,0,0,0,0,0,0,0,0,0,0,0,0,0,0,0,0,0,0,0,0,0,0,0,0,0,2
241,0.193333333,0.58,0.286666667,0.553333333,0.273333333,0.566666667,0,0,0,0,0,0,0,0,0,0,0,0,0,0,0,0,0,0,0,0,0,0,0,0,0,0,0,0,0,0,2
242,0.193333333,0.58,0.286666667,0.553333333,0.273333333,0.566666667,0,0,0,0,0,0,0,0,0,0,0,0,0,0,0,0,0,0,0,0,0,0,0,0,0,0,0,0,0,0,2
243,0.2,0.573333333,0.286666667,0.56,0.28,0.56,0,0,0,0,0,0,0,0,0,0,0,0,0,0,0,0,0,0,0,0,0,0,0,0,0,0,0,0,0,0,2
244,0.2,0.573333333,0.286666667,0.56,0.28,0.56,0,0,0,0,0,0,0,0,0,0,0,0,0,0,0,0,0,0,0,0,0,0,0,0,0,0,0,0,0,0,2
245,0.2,0.573333333,0.286666667,0.56,0.28,0.56,0,0,0,0,0,0,0,0,0,0,0,0,0,0,0,0,0,0,0,0,0,0,0,0,0,0,0,0,0,0,2
246,0.2,0.6,0.28,0.56,0,0,0,0,0,0,0,0,0,0,0,0,0,0,0,0,0,0,0,0,0,0,0,0,0,0,0,0,0,0,0,0,2
247,0.2,0.6,0.28,0.56,0,0,0,0,0,0,0,0,0,0,0,0,0,0,0,0,0,0,0,0,0,0,0,0,0,0,0,0,0,0,0,0,2
248,0.186666667,0.486666667,0.233333333,0.426666667,0,0,0,0,0,0,0,0,0,0,0,0,0,0,0,0,0,0,0,0,0,0,0,0,0,0,0,0,0,0,0,0,2
249,0.186666667,0.486666667,0.233333333,0.426666667,0,0,0,0,0,0,0,0,0,0,0,0,0,0,0,0,0,0,0,0,0,0,0,0,0,0,0,0,0,0,0,0,2
250,0.133333333,0.52,0.226666667,0.433333333,0.173333333,0.406666667,0,0,0,0,0,0,0,0,0,0,0,0,0,0,0,0,0,0,0,0,0,0,0,0,0,0,0,0,0,0,2
251,0.133333333,0.52,0.226666667,0.433333333,0.173333333,0.406666667,0,0,0,0,0,0,0,0,0,0,0,0,0,0,0,0,0,0,0,0,0,0,0,0,0,0,0,0,0,0,2
252,0.133333333,0.52,0.226666667,0.433333333,0.173333333,0.406666667,0,0,0,0,0,0,0,0,0,0,0,0,0,0,0,0,0,0,0,0,0,0,0,0,0,0,0,0,0,0,2
253,0.12,0.52,0.18,0.44,0,0,0,0,0,0,0,0,0,0,0,0,0,0,0,0,0,0,0,0,0,0,0,0,0,0,0,0,0,0,0,0,2
254,0.12,0.52,0.18,0.44,0,0,0,0,0,0,0,0,0,0,0,0,0,0,0,0,0,0,0,0,0,0,0,0,0,0,0,0,0,0,0,0,2
255,0.0866666667,0.52,0.153333333,0.44,0,0,0,0,0,0,0,0,0,0,0,0,0,0,0,0,0,0,0,0,0,0,0,0,0,0,0,0,0,0,0,0,2
256,0.0866666667,0.52,0.153333333,0.44,0,0,0,0,0,0,0,0,0,0,0,0,0,0,0,0,0,0,0,0,0,0,0,0,0,0,0,0,0,0,0,0,2
257,0.0466666667,0.513333333,0.126666667,0.426666667,0,0,0,0,0,0,0,0,0,0,0,0,0,0,0,0,0,0,0,0,0,0,0,0,0,0,0,0,0,0,0,0,2
258,0.0466666667,0.513333333,0.126666667,0.426666667,0,0,0,0,0,0,0,0,0,0,0,0,0,0,0,0,0,0,0,0,0,0,0,0,0,0,0,0,0,0,0,0,2
259,0.193333333,0.633333333,0.313333333,0.546666667,0,0,0,0,0,0,0,0,0,0,0,0,0,0,0,0,0,0,0,0,0,0,0,0,0,0,0,0,0,0,0,0,2
260,0.193333333,0.633333333,0.313333333,0.546666667,0,0,0,0,0,0,0,0,0,0,0,0,0,0,0,0,0,0,0,0,0,0,0,0,0,0,0,0,0,0,0,0,2
261,0.213333333,0.566666667,0.326666667,0.52,0,0,0,0,0,0,0,0,0,0,0,0,0,0,0,0,0,0,0,0,0,0,0,0,0,0,0,0,0,0,0,0,2
262,0.213333333,0.566666667,0.326666667,0.52,0,0,0,0,0,0,0,0,0,0,0,0,0,0,0,0,0,0,0,0,0,0,0,0,0,0,0,0,0,0,0,0,2
263,0.26,0.48,0.353333333,0.473333333,0.24,0.613333333,0,0,0,0,0,0,0,0,0,0,0,0,0,0,0,0,0,0,0,0,0,0,0,0,0,0,0,0,0,0,2
264,0.26,0.48,0.353333333,0.473333333,0.24,0.613333333,0,0,0,0,0,0,0,0,0,0,0,0,0,0,0,0,0,0,0,0,0,0,0,0,0,0,0,0,0,0,2
265,0.26,0.48,0.353333333,0.473333333,0.24,0.613333333,0,0,0,0,0,0,0,0,0,0,0,0,0,0,0,0,0,0,0,0,0,0,0,0,0,0,0,0,0,0,2
266,0.26,0.506666667,0,0,0,0,0,0,0,0,0,0,0,0,0,0,0,0,0,0,0,0,0,0,0,0,0,0,0,0,0,0,0,0,0,0,2
267,0.26,0.506666667,0,0,0,0,0,0,0,0,0,0,0,0,0,0,0,0,0,0,0,0,0,0,0,0,0,0,0,0,0,0,0,0,0,0,2
268,0.253333333,0.52,0,0,0,0,0,0,0,0,0,0,0,0,0,0,0,0,0,0,0,0,0,0,0,0,0,0,0,0,0,0,0,0,0,0,2
269,0.253333333,0.52,0,0,0,0,0,0,0,0,0,0,0,0,0,0,0,0,0,0,0,0,0,0,0,0,0,0,0,0,0,0,0,0,0,0,2
270,0.266666667,0.513333333,0,0,0,0,0,0,0,0,0,0,0,0,0,0,0,0,0,0,0,0,0,0,0,0,0,0,0,0,0,0,0,0,0,0,2
271,0.266666667,0.513333333,0,0,0,0,0,0,0,0,0,0,0,0,0,0,0,0,0,0,0,0,0,0,0,0,0,0,0,0,0,0,0,0,0,0,2
272,0.153333333,0.513333333,0,0,0,0,0,0,0,0,0,0,0,0,0,0,0,0,0,0,0,0,0,0,0,0,0,0,0,0,0,0,0,0,0,0,2
273,0.146666667,0.526666667,0,0,0,0,0,0,0,0,0,0,0,0,0,0,0,0,0,0,0,0,0,0,0,0,0,0,0,0,0,0,0,0,0,0,2
274,0.193333333,0.52,0,0,0,0,0,0,0,0,0,0,0,0,0,0,0,0,0,0,0,0,0,0,0,0,0,0,0,0,0,0,0,0,0,0,2
275,0.2,0.5,0,0,0,0,0,0,0,0,0,0,0,0,0,0,0,0,0,0,0,0,0,0,0,0,0,0,0,0,0,0,0,0,0,0,2
276,0.126666667,0.486666667,0.246666667,0.44,0,0,0,0,0,0,0,0,0,0,0,0,0,0,0,0,0,0,0,0,0,0,0,0,0,0,0,0,0,0,0,0,2
277,0.126666667,0.486666667,0.246666667,0.44,0,0,0,0,0,0,0,0,0,0,0,0,0,0,0,0,0,0,0,0,0,0,0,0,0,0,0,0,0,0,0,0,2
278,0.113333333,0.533333333,0.233333333,0.486666667,0,0,0,0,0,0,0,0,0,0,0,0,0,0,0,0,0,0,0,0,0,0,0,0,0,0,0,0,0,0,0,0,2
279,0.113333333,0.533333333,0.233333333,0.486666667,0,0,0,0,0,0,0,0,0,0,0,0,0,0,0,0,0,0,0,0,0,0,0,0,0,0,0,0,0,0,0,0,2
280,0.12,0.533333333,0.233333333,0.5,0.213333333,0.52,0,0,0,0,0,0,0,0,0,0,0,0,0,0,0,0,0,0,0,0,0,0,0,0,0,0,0,0,0,0,2
281,0.12,0.533333333,0.233333333,0.5,0.213333333,0.52,0,0,0,0,0,0,0,0,0,0,0,0,0,0,0,0,0,0,0,0,0,0,0,0,0,0,0,0,0,0,2
282,0.12,0.533333333,0.233333333,0.5,0.213333333,0.52,0,0,0,0,0,0,0,0,0,0,0,0,0,0,0,0,0,0,0,0,0,0,0,0,0,0,0,0,0,0,2
283,0.113333333,0.533333333,0.233333333,0.493333333,0,0,0,0,0,0,0,0,0,0,0,0,0,0,0,0,0,0,0,0,0,0,0,0,0,0,0,0,0,0,0,0,2
284,0.113333333,0.533333333,0.233333333,0.493333333,0,0,0,0,0,0,0,0,0,0,0,0,0,0,0,0,0,0,0,0,0,0,0,0,0,0,0,0,0,0,0,0,2
285,0.113333333,0.54,0.233333333,0.493333333,0.213333333,0.513333333,0,0,0,0,0,0,0,0,0,0,0,0,0,0,0,0,0,0,0,0,0,0,0,0,0,0,0,0,0,0,2
286,0.113333333,0.54,0.233333333,0.493333333,0.213333333,0.513333333,0,0,0,0,0,0,0,0,0,0,0,0,0,0,0,0,0,0,0,0,0,0,0,0,0,0,0,0,0,0,2
287,0.113333333,0.54,0.233333333,0.493333333,0.213333333,0.513333333,0,0,0,0,0,0,0,0,0,0,0,0,0,0,0,0,0,0,0,0,0,0,0,0,0,0,0,0,0,0,2
288,0.12,0.533333333,0.233333333,0.493333333,0,0,0,0,0,0,0,0,0,0,0,0,0,0,0,0,0,0,0,0,0,0,0,0,0,0,0,0,0,0,0,0,2
289,0.12,0.533333333,0.233333333,0.493333333,0,0,0,0,0,0,0,0,0,0,0,0,0,0,0,0,0,0,0,0,0,0,0,0,0,0,0,0,0,0,0,0,2
290,0.12,0.54,0.233333333,0.493333333,0,0,0,0,0,0,0,0,0,0,0,0,0,0,0,0,0,0,0,0,0,0,0,0,0,0,0,0,0,0,0,0,2
291,0.12,0.54,0.233333333,0.493333333,0,0,0,0,0,0,0,0,0,0,0,0,0,0,0,0,0,0,0,0,0,0,0,0,0,0,0,0,0,0,0,0,2
292,0.12,0.533333333,0.233333333,0.5,0.22,0.506666667,0,0,0,0,0,0,0,0,0,0,0,0,0,0,0,0,0,0,0,0,0,0,0,0,0,0,0,0,0,0,2
293,0.12,0.533333333,0.233333333,0.5,0.22,0.506666667,0,0,0,0,0,0,0,0,0,0,0,0,0,0,0,0,0,0,0,0,0,0,0,0,0,0,0,0,0,0,2
294,0.12,0.533333333,0.233333333,0.5,0.22,0.506666667,0,0,0,0,0,0,0,0,0,0,0,0,0,0,0,0,0,0,0,0,0,0,0,0,0,0,0,0,0,0,2
295,0.12,0.533333333,0.233333333,0.5,0.22,0.506666667,0,0,0,0,0,0,0,0,0,0,0,0,0,0,0,0,0,0,0,0,0,0,0,0,0,0,0,0,0,0,2
296,0.12,0.533333333,0.233333333,0.5,0.22,0.506666667,0,0,0,0,0,0,0,0,0,0,0,0,0,0,0,0,0,0,0,0,0,0,0,0,0,0,0,0,0,0,2
297,0.12,0.533333333,0.233333333,0.5,0.22,0.506666667,0,0,0,0,0,0,0,0,0,0,0,0,0,0,0,0,0,0,0,0,0,0,0,0,0,0,0,0,0,0,2
298,0.12,0.533333333,0.233333333,0.5,0.213333333,0.513333333,0,0,0,0,0,0,0,0,0,0,0,0,0,0,0,0,0,0,0,0,0,0,0,0,0,0,0,0,0,0,2
299,0.12,0.533333333,0.233333333,0.5,0.213333333,0.513333333,0,0,0,0,0,0,0,0,0,0,0,0,0,0,0,0,0,0,0,0,0,0,0,0,0,0,0,0,0,0,2
300,0.12,0.533333333,0.233333333,0.5,0.213333333,0.513333333,0,0,0,0,0,0,0,0,0,0,0,0,0,0,0,0,0,0,0,0,0,0,0,0,0,0,0,0,0,0,2
301,0.12,0.533333333,0.233333333,0.493333333,0,0,0,0,0,0,0,0,0,0,0,0,0,0,0,0,0,0,0,0,0,0,0,0,0,0,0,0,0,0,0,0,2
302,0.12,0.533333333,0.233333333,0.493333333,0,0,0,0,0,0,0,0,0,0,0,0,0,0,0,0,0,0,0,0,0,0,0,0,0,0,0,0,0,0,0,0,2
303,0.12,0.533333333,0.233333333,0.5,0.22,0.506666667,0,0,0,0,0,0,0,0,0,0,0,0,0,0,0,0,0,0,0,0,0,0,0,0,0,0,0,0,0,0,2
304,0.12,0.533333333,0.233333333,0.5,0.22,0.506666667,0,0,0,0,0,0,0,0,0,0,0,0,0,0,0,0,0,0,0,0,0,0,0,0,0,0,0,0,0,0,2
305,0.12,0.533333333,0.233333333,0.5,0.22,0.506666667,0,0,0,0,0,0,0,0,0,0,0,0,0,0,0,0,0,0,0,0,0,0,0,0,0,0,0,0,0,0,2
306,0.12,0.533333333,0.233333333,0.493333333,0,0,0,0,0,0,0,0,0,0,0,0,0,0,0,0,0,0,0,0,0,0,0,0,0,0,0,0,0,0,0,0,2
307,0.12,0.533333333,0.233333333,0.493333333,0,0,0,0,0,0,0,0,0,0,0,0,0,0,0,0,0,0,0,0,0,0,0,0,0,0,0,0,0,0,0,0,2
308,0.113333333,0.533333333,0.226666667,0.506666667,0.213333333,0.52,0,0,0,0,0,0,0,0,0,0,0,0,0,0,0,0,0,0,0,0,0,0,0,0,0,0,0,0,0,0,2
309,0.113333333,0.533333333,0.226666667,0.506666667,0.213333333,0.52,0,0,0,0,0,0,0,0,0,0,0,0,0,0,0,0,0,0,0,0,0,0,0,0,0,0,0,0,0,0,2
310,0.113333333,0.533333333,0.226666667,0.506666667,0.213333333,0.52,0,0,0,0,0,0,0,0,0,0,0,0,0,0,0,0,0,0,0,0,0,0,0,0,0,0,0,0,0,0,2
311,0.14,0.506666667,0.226666667,0.486666667,0,0,0,0,0,0,0,0,0,0,0,0,0,0,0,0,0,0,0,0,0,0,0,0,0,0,0,0,0,0,0,0,2
312,0.14,0.506666667,0.226666667,0.486666667,0,0,0,0,0,0,0,0,0,0,0,0,0,0,0,0,0,0,0,0,0,0,0,0,0,0,0,0,0,0,0,0,2
313,0.133333333,0.506666667,0.226666667,0.486666667,0.16,0.533333333,0,0,0,0,0,0,0,0,0,0,0,0,0,0,0,0,0,0,0,0,0,0,0,0,0,0,0,0,0,0,2
314,0.133333333,0.506666667,0.226666667,0.486666667,0.16,0.533333333,0,0,0,0,0,0,0,0,0,0,0,0,0,0,0,0,0,0,0,0,0,0,0,0,0,0,0,0,0,0,2
315,0.133333333,0.506666667,0.226666667,0.486666667,0.16,0.533333333,0,0,0,0,0,0,0,0,0,0,0,0,0,0,0,0,0,0,0,0,0,0,0,0,0,0,0,0,0,0,2
316,0.14,0.506666667,0.226666667,0.493333333,0,0,0,0,0,0,0,0,0,0,0,0,0,0,0,0,0,0,0,0,0,0,0,0,0,0,0,0,0,0,0,0,2
317,0.14,0.506666667,0.226666667,0.493333333,0,0,0,0,0,0,0,0,0,0,0,0,0,0,0,0,0,0,0,0,0,0,0,0,0,0,0,0,0,0,0,0,2
318,0.14,0.506666667,0.233333333,0.493333333,0,0,0,0,0,0,0,0,0,0,0,0,0,0,0,0,0,0,0,0,0,0,0,0,0,0,0,0,0,0,0,0,2
319,0.14,0.506666667,0.233333333,0.493333333,0,0,0,0,0,0,0,0,0,0,0,0,0,0,0,0,0,0,0,0,0,0,0,0,0,0,0,0,0,0,0,0,2
320,0.133333333,0.506666667,0.233333333,0.493333333,0,0,0,0,0,0,0,0,0,0,0,0,0,0,0,0,0,0,0,0,0,0,0,0,0,0,0,0,0,0,0,0,2
321,0.133333333,0.506666667,0.233333333,0.493333333,0,0,0,0,0,0,0,0,0,0,0,0,0,0,0,0,0,0,0,0,0,0,0,0,0,0,0,0,0,0,0,0,2
322,0.14,0.506666667,0.226666667,0.5,0,0,0,0,0,0,0,0,0,0,0,0,0,0,0,0,0,0,0,0,0,0,0,0,0,0,0,0,0,0,0,0,2
323,0.14,0.506666667,0.226666667,0.5,0,0,0,0,0,0,0,0,0,0,0,0,0,0,0,0,0,0,0,0,0,0,0,0,0,0,0,0,0,0,0,0,2
324,0.133333333,0.506666667,0.226666667,0.493333333,0,0,0,0,0,0,0,0,0,0,0,0,0,0,0,0,0,0,0,0,0,0,0,0,0,0,0,0,0,0,0,0,2
325,0.133333333,0.506666667,0.226666667,0.493333333,0,0,0,0,0,0,0,0,0,0,0,0,0,0,0,0,0,0,0,0,0,0,0,0,0,0,0,0,0,0,0,0,2
326,0.14,0.513333333,0.233333333,0.486666667,0,0,0,0,0,0,0,0,0,0,0,0,0,0,0,0,0,0,0,0,0,0,0,0,0,0,0,0,0,0,0,0,2
327,0.14,0.513333333,0.233333333,0.486666667,0,0,0,0,0,0,0,0,0,0,0,0,0,0,0,0,0,0,0,0,0,0,0,0,0,0,0,0,0,0,0,0,2
328,0.146666667,0.52,0.22,0.486666667,0,0,0,0,0,0,0,0,0,0,0,0,0,0,0,0,0,0,0,0,0,0,0,0,0,0,0,0,0,0,0,0,2
329,0.146666667,0.52,0.22,0.486666667,0,0,0,0,0,0,0,0,0,0,0,0,0,0,0,0,0,0,0,0,0,0,0,0,0,0,0,0,0,0,0,0,2
330,0.12,0.52,0.206666667,0.5,0,0,0,0,0,0,0,0,0,0,0,0,0,0,0,0,0,0,0,0,0,0,0,0,0,0,0,0,0,0,0,0,2
331,0.12,0.52,0.206666667,0.5,0,0,0,0,0,0,0,0,0,0,0,0,0,0,0,0,0,0,0,0,0,0,0,0,0,0,0,0,0,0,0,0,2
332,0.146666667,0.513333333,0.24,0.493333333,0,0,0,0,0,0,0,0,0,0,0,0,0,0,0,0,0,0,0,0,0,0,0,0,0,0,0,0,0,0,0,0,2
333,0.146666667,0.513333333,0.24,0.493333333,0,0,0,0,0,0,0,0,0,0,0,0,0,0,0,0,0,0,0,0,0,0,0,0,0,0,0,0,0,0,0,0,2
334,0.173333333,0.393333333,0.213333333,0.5,0,0,0,0,0,0,0,0,0,0,0,0,0,0,0,0,0,0,0,0,0,0,0,0,0,0,0,0,0,0,0,0,2
335,0.173333333,0.393333333,0.213333333,0.5,0,0,0,0,0,0,0,0,0,0,0,0,0,0,0,0,0,0,0,0,0,0,0,0,0,0,0,0,0,0,0,0,2
336,0.173333333,0.393333333,0.226666667,0.493333333,0.2,0.52,0,0,0,0,0,0,0,0,0,0,0,0,0,0,0,0,0,0,0,0,0,0,0,0,0,0,0,0,0,0,2
337,0.173333333,0.393333333,0.226666667,0.493333333,0.2,0.52,0,0,0,0,0,0,0,0,0,0,0,0,0,0,0,0,0,0,0,0,0,0,0,0,0,0,0,0,0,0,2
338,0.173333333,0.393333333,0.226666667,0.493333333,0.2,0.52,0,0,0,0,0,0,0,0,0,0,0,0,0,0,0,0,0,0,0,0,0,0,0,0,0,0,0,0,0,0,2
339,0.173333333,0.4,0.213333333,0.5,0.16,0.546666667,0,0,0,0,0,0,0,0,0,0,0,0,0,0,0,0,0,0,0,0,0,0,0,0,0,0,0,0,0,0,2
340,0.173333333,0.4,0.213333333,0.5,0.16,0.546666667,0,0,0,0,0,0,0,0,0,0,0,0,0,0,0,0,0,0,0,0,0,0,0,0,0,0,0,0,0,0,2
341,0.173333333,0.4,0.213333333,0.5,0.16,0.546666667,0,0,0,0,0,0,0,0,0,0,0,0,0,0,0,0,0,0,0,0,0,0,0,0,0,0,0,0,0,0,2
342,0.173333333,0.393333333,0.22,0.5,0.186666667,0.533333333,0,0,0,0,0,0,0,0,0,0,0,0,0,0,0,0,0,0,0,0,0,0,0,0,0,0,0,0,0,0,2
343,0.173333333,0.393333333,0.22,0.5,0.186666667,0.533333333,0,0,0,0,0,0,0,0,0,0,0,0,0,0,0,0,0,0,0,0,0,0,0,0,0,0,0,0,0,0,2
344,0.173333333,0.393333333,0.22,0.5,0.186666667,0.533333333,0,0,0,0,0,0,0,0,0,0,0,0,0,0,0,0,0,0,0,0,0,0,0,0,0,0,0,0,0,0,2
345,0.166666667,0.393333333,0.22,0.493333333,0.193333333,0.52,0,0,0,0,0,0,0,0,0,0,0,0,0,0,0,0,0,0,0,0,0,0,0,0,0,0,0,0,0,0,2
346,0.166666667,0.393333333,0.22,0.493333333,0.193333333,0.52,0,0,0,0,0,0,0,0,0,0,0,0,0,0,0,0,0,0,0,0,0,0,0,0,0,0,0,0,0,0,2
347,0.166666667,0.393333333,0.22,0.493333333,0.193333333,0.52,0,0,0,0,0,0,0,0,0,0,0,0,0,0,0,0,0,0,0,0,0,0,0,0,0,0,0,0,0,0,2
348,0.166666667,0.4,0.193333333,0.5,0,0,0,0,0,0,0,0,0,0,0,0,0,0,0,0,0,0,0,0,0,0,0,0,0,0,0,0,0,0,0,0,2
349,0.166666667,0.4,0.193333333,0.5,0,0,0,0,0,0,0,0,0,0,0,0,0,0,0,0,0,0,0,0,0,0,0,0,0,0,0,0,0,0,0,0,2
350,0.173333333,0.4,0.213333333,0.5,0,0,0,0,0,0,0,0,0,0,0,0,0,0,0,0,0,0,0,0,0,0,0,0,0,0,0,0,0,0,0,0,2
351,0.173333333,0.4,0.213333333,0.5,0,0,0,0,0,0,0,0,0,0,0,0,0,0,0,0,0,0,0,0,0,0,0,0,0,0,0,0,0,0,0,0,2
352,0.173333333,0.393333333,0.193333333,0.506666667,0.18,0.533333333,0,0,0,0,0,0,0,0,0,0,0,0,0,0,0,0,0,0,0,0,0,0,0,0,0,0,0,0,0,0,2
353,0.173333333,0.393333333,0.193333333,0.506666667,0.18,0.533333333,0,0,0,0,0,0,0,0,0,0,0,0,0,0,0,0,0,0,0,0,0,0,0,0,0,0,0,0,0,0,2
354,0.173333333,0.393333333,0.193333333,0.506666667,0.18,0.533333333,0,0,0,0,0,0,0,0,0,0,0,0,0,0,0,0,0,0,0,0,0,0,0,0,0,0,0,0,0,0,2
355,0.166666667,0.4,0.206666667,0.5,0,0,0,0,0,0,0,0,0,0,0,0,0,0,0,0,0,0,0,0,0,0,0,0,0,0,0,0,0,0,0,0,2
356,0.166666667,0.4,0.206666667,0.5,0,0,0,0,0,0,0,0,0,0,0,0,0,0,0,0,0,0,0,0,0,0,0,0,0,0,0,0,0,0,0,0,2
357,0.166666667,0.4,0.213333333,0.486666667,0,0,0,0,0,0,0,0,0,0,0,0,0,0,0,0,0,0,0,0,0,0,0,0,0,0,0,0,0,0,0,0,2
358,0.166666667,0.4,0.213333333,0.486666667,0,0,0,0,0,0,0,0,0,0,0,0,0,0,0,0,0,0,0,0,0,0,0,0,0,0,0,0,0,0,0,0,2
359,0.16,0.4,0.226666667,0.493333333,0,0,0,0,0,0,0,0,0,0,0,0,0,0,0,0,0,0,0,0,0,0,0,0,0,0,0,0,0,0,0,0,2
360,0.16,0.4,0.226666667,0.493333333,0,0,0,0,0,0,0,0,0,0,0,0,0,0,0,0,0,0,0,0,0,0,0,0,0,0,0,0,0,0,0,0,2
361,0.16,0.393333333,0.233333333,0.486666667,0.213333333,0.506666667,0,0,0,0,0,0,0,0,0,0,0,0,0,0,0,0,0,0,0,0,0,0,0,0,0,0,0,0,0,0,2
362,0.16,0.393333333,0.233333333,0.486666667,0.213333333,0.506666667,0,0,0,0,0,0,0,0,0,0,0,0,0,0,0,0,0,0,0,0,0,0,0,0,0,0,0,0,0,0,2
363,0.16,0.393333333,0.233333333,0.486666667,0.213333333,0.506666667,0,0,0,0,0,0,0,0,0,0,0,0,0,0,0,0,0,0,0,0,0,0,0,0,0,0,0,0,0,0,2
364,0.146666667,0.506666667,0.24,0.486666667,0.226666667,0.506666667,0,0,0,0,0,0,0,0,0,0,0,0,0,0,0,0,0,0,0,0,0,0,0,0,0,0,0,0,0,0,2
365,0.146666667,0.506666667,0.24,0.486666667,0.226666667,0.506666667,0,0,0,0,0,0,0,0,0,0,0,0,0,0,0,0,0,0,0,0,0,0,0,0,0,0,0,0,0,0,2
366,0.146666667,0.506666667,0.24,0.486666667,0.226666667,0.506666667,0,0,0,0,0,0,0,0,0,0,0,0,0,0,0,0,0,0,0,0,0,0,0,0,0,0,0,0,0,0,2
367,0.166666667,0.493333333,0.24,0.466666667,0.233333333,0.46,0,0,0,0,0,0,0,0,0,0,0,0,0,0,0,0,0,0,0,0,0,0,0,0,0,0,0,0,0,0,2
368,0.166666667,0.493333333,0.24,0.466666667,0.233333333,0.46,0,0,0,0,0,0,0,0,0,0,0,0,0,0,0,0,0,0,0,0,0,0,0,0,0,0,0,0,0,0,2
369,0.166666667,0.493333333,0.24,0.466666667,0.233333333,0.46,0,0,0,0,0,0,0,0,0,0,0,0,0,0,0,0,0,0,0,0,0,0,0,0,0,0,0,0,0,0,2
370,0.16,0.493333333,0.24,0.466666667,0,0,0,0,0,0,0,0,0,0,0,0,0,0,0,0,0,0,0,0,0,0,0,0,0,0,0,0,0,0,0,0,2
371,0.16,0.493333333,0.24,0.466666667,0,0,0,0,0,0,0,0,0,0,0,0,0,0,0,0,0,0,0,0,0,0,0,0,0,0,0,0,0,0,0,0,2
372,0.16,0.493333333,0.24,0.466666667,0,0,0,0,0,0,0,0,0,0,0,0,0,0,0,0,0,0,0,0,0,0,0,0,0,0,0,0,0,0,0,0,2
373,0.16,0.493333333,0.24,0.466666667,0,0,0,0,0,0,0,0,0,0,0,0,0,0,0,0,0,0,0,0,0,0,0,0,0,0,0,0,0,0,0,0,2
374,0.166666667,0.493333333,0.246666667,0.473333333,0,0,0,0,0,0,0,0,0,0,0,0,0,0,0,0,0,0,0,0,0,0,0,0,0,0,0,0,0,0,0,0,2
375,0.166666667,0.493333333,0.246666667,0.473333333,0,0,0,0,0,0,0,0,0,0,0,0,0,0,0,0,0,0,0,0,0,0,0,0,0,0,0,0,0,0,0,0,2
376,0.206666667,0.493333333,0.273333333,0.46,0,0,0,0,0,0,0,0,0,0,0,0,0,0,0,0,0,0,0,0,0,0,0,0,0,0,0,0,0,0,0,0,2
377,0.206666667,0.493333333,0.273333333,0.46,0,0,0,0,0,0,0,0,0,0,0,0,0,0,0,0,0,0,0,0,0,0,0,0,0,0,0,0,0,0,0,0,2
378,0.233333333,0.4,0.253333333,0.473333333,0.246666667,0.48,0.326666667,0.533333333,0.453333333,0.593333333,0.26,0.466666667,0.32,0.52,0.46,0.6,0,0,0,0,0,0,0,0,0,0,0,0,0,0,0,0,0,0,0,0,2
379,0.233333333,0.4,0.253333333,0.473333333,0.246666667,0.48,0.326666667,0.533333333,0.453333333,0.593333333,0.26,0.466666667,0.32,0.52,0.46,0.6,0,0,0,0,0,0,0,0,0,0,0,0,0,0,0,0,0,0,0,0,2
380,0.233333333,0.4,0.253333333,0.473333333,0.246666667,0.48,0.326666667,0.533333333,0.453333333,0.593333333,0.26,0.466666667,0.32,0.52,0.46,0.6,0,0,0,0,0,0,0,0,0,0,0,0,0,0,0,0,0,0,0,0,2
381,0.233333333,0.4,0.253333333,0.473333333,0.246666667,0.48,0.326666667,0.533333333,0.453333333,0.593333333,0.26,0.466666667,0.32,0.52,0.46,0.6,0,0,0,0,0,0,0,0,0,0,0,0,0,0,0,0,0,0,0,0,2
382,0.233333333,0.4,0.253333333,0.473333333,0.246666667,0.48,0.326666667,0.533333333,0.453333333,0.593333333,0.26,0.466666667,0.32,0.52,0.46,0.6,0,0,0,0,0,0,0,0,0,0,0,0,0,0,0,0,0,0,0,0,2
383,0.233333333,0.4,0.253333333,0.473333333,0.246666667,0.48,0.326666667,0.533333333,0.453333333,0.593333333,0.26,0.466666667,0.32,0.52,0.46,0.6,0,0,0,0,0,0,0,0,0,0,0,0,0,0,0,0,0,0,0,0,2
384,0.233333333,0.4,0.253333333,0.473333333,0.246666667,0.48,0.326666667,0.533333333,0.453333333,0.593333333,0.26,0.466666667,0.32,0.52,0.46,0.6,0,0,0,0,0,0,0,0,0,0,0,0,0,0,0,0,0,0,0,0,2
385,0.233333333,0.4,0.253333333,0.473333333,0.246666667,0.48,0.326666667,0.533333333,0.453333333,0.593333333,0.26,0.466666667,0.32,0.52,0.46,0.6,0,0,0,0,0,0,0,0,0,0,0,0,0,0,0,0,0,0,0,0,2
386,0.226666667,0.4,0.26,0.466666667,0.246666667,0.48,0.32,0.533333333,0.453333333,0.593333333,0,0,0,0,0,0,0,0,0,0,0,0,0,0,0,0,0,0,0,0,0,0,0,0,0,0,2
387,0.226666667,0.4,0.26,0.466666667,0.246666667,0.48,0.32,0.533333333,0.453333333,0.593333333,0,0,0,0,0,0,0,0,0,0,0,0,0,0,0,0,0,0,0,0,0,0,0,0,0,0,2
388,0.226666667,0.4,0.26,0.466666667,0.246666667,0.48,0.32,0.533333333,0.453333333,0.593333333,0,0,0,0,0,0,0,0,0,0,0,0,0,0,0,0,0,0,0,0,0,0,0,0,0,0,2
389,0.226666667,0.4,0.26,0.466666667,0.246666667,0.48,0.32,0.533333333,0.453333333,0.593333333,0,0,0,0,0,0,0,0,0,0,0,0,0,0,0,0,0,0,0,0,0,0,0,0,0,0,2
390,0.226666667,0.4,0.26,0.466666667,0.246666667,0.48,0.32,0.533333333,0.453333333,0.593333333,0,0,0,0,0,0,0,0,0,0,0,0,0,0,0,0,0,0,0,0,0,0,0,0,0,0,2
391,0.226666667,0.4,0.26,0.466666667,0.246666667,0.48,0.32,0.533333333,0.453333333,0.593333333,0,0,0,0,0,0,0,0,0,0,0,0,0,0,0,0,0,0,0,0,0,0,0,0,0,0,2
392,0.226666667,0.4,0.26,0.466666667,0.246666667,0.48,0.32,0.533333333,0.453333333,0.593333333,0,0,0,0,0,0,0,0,0,0,0,0,0,0,0,0,0,0,0,0,0,0,0,0,0,0,2
393,0.226666667,0.4,0.26,0.466666667,0.246666667,0.48,0.32,0.533333333,0.453333333,0.593333333,0,0,0,0,0,0,0,0,0,0,0,0,0,0,0,0,0,0,0,0,0,0,0,0,0,0,2
394,0.226666667,0.4,0.26,0.466666667,0.246666667,0.48,0.32,0.533333333,0.453333333,0.593333333,0,0,0,0,0,0,0,0,0,0,0,0,0,0,0,0,0,0,0,0,0,0,0,0,0,0,2
395,0.226666667,0.4,0.26,0.466666667,0.246666667,0.48,0.32,0.533333333,0.453333333,0.593333333,0,0,0,0,0,0,0,0,0,0,0,0,0,0,0,0,0,0,0,0,0,0,0,0,0,0,2
396,0.226666667,0.406666667,0.253333333,0.466666667,0.246666667,0.48,0.313333333,0.526666667,0.453333333,0.593333333,0,0,0,0,0,0,0,0,0,0,0,0,0,0,0,0,0,0,0,0,0,0,0,0,0,0,2
397,0.226666667,0.406666667,0.253333333,0.466666667,0.246666667,0.48,0.313333333,0.526666667,0.453333333,0.593333333,0,0,0,0,0,0,0,0,0,0,0,0,0,0,0,0,0,0,0,0,0,0,0,0,0,0,2
398,0.226666667,0.406666667,0.253333333,0.466666667,0.246666667,0.48,0.313333333,0.526666667,0.453333333,0.593333333,0,0,0,0,0,0,0,0,0,0,0,0,0,0,0,0,0,0,0,0,0,0,0,0,0,0,2
399,0.226666667,0.406666667,0.253333333,0.466666667,0.246666667,0.48,0.313333333,0.526666667,0.453333333,0.593333333,0,0,0,0,0,0,0,0,0,0,0,0,0,0,0,0,0,0,0,0,0,0,0,0,0,0,2
400,0.226666667,0.406666667,0.253333333,0.466666667,0.246666667,0.48,0.313333333,0.526666667,0.453333333,0.593333333,0,0,0,0,0,0,0,0,0,0,0,0,0,0,0,0,0,0,0,0,0,0,0,0,0,0,2
401,0.226666667,0.406666667,0.253333333,0.466666667,0.246666667,0.48,0.313333333,0.526666667,0.453333333,0.593333333,0,0,0,0,0,0,0,0,0,0,0,0,0,0,0,0,0,0,0,0,0,0,0,0,0,0,2
402,0.226666667,0.406666667,0.253333333,0.466666667,0.246666667,0.48,0.313333333,0.526666667,0.453333333,0.593333333,0,0,0,0,0,0,0,0,0,0,0,0,0,0,0,0,0,0,0,0,0,0,0,0,0,0,2
403,0.226666667,0.406666667,0.253333333,0.466666667,0.246666667,0.48,0.313333333,0.526666667,0.453333333,0.593333333,0,0,0,0,0,0,0,0,0,0,0,0,0,0,0,0,0,0,0,0,0,0,0,0,0,0,2
404,0.226666667,0.406666667,0.253333333,0.466666667,0.246666667,0.48,0.313333333,0.526666667,0.453333333,0.593333333,0,0,0,0,0,0,0,0,0,0,0,0,0,0,0,0,0,0,0,0,0,0,0,0,0,0,2
405,0.226666667,0.406666667,0.253333333,0.466666667,0.246666667,0.48,0.313333333,0.526666667,0.453333333,0.593333333,0,0,0,0,0,0,0,0,0,0,0,0,0,0,0,0,0,0,0,0,0,0,0,0,0,0,2
406,0.226666667,0.406666667,0.253333333,0.466666667,0.253333333,0.473333333,0.313333333,0.526666667,0.453333333,0.593333333,0,0,0,0,0,0,0,0,0,0,0,0,0,0,0,0,0,0,0,0,0,0,0,0,0,0,2
407,0.226666667,0.406666667,0.253333333,0.466666667,0.253333333,0.473333333,0.313333333,0.526666667,0.453333333,0.593333333,0,0,0,0,0,0,0,0,0,0,0,0,0,0,0,0,0,0,0,0,0,0,0,0,0,0,2
408,0.226666667,0.406666667,0.253333333,0.466666667,0.253333333,0.473333333,0.313333333,0.526666667,0.453333333,0.593333333,0,0,0,0,0,0,0,0,0,0,0,0,0,0,0,0,0,0,0,0,0,0,0,0,0,0,2
409,0.226666667,0.406666667,0.253333333,0.466666667,0.253333333,0.473333333,0.313333333,0.526666667,0.453333333,0.593333333,0,0,0,0,0,0,0,0,0,0,0,0,0,0,0,0,0,0,0,0,0,0,0,0,0,0,2
410,0.226666667,0.406666667,0.253333333,0.466666667,0.253333333,0.473333333,0.313333333,0.526666667,0.453333333,0.593333333,0,0,0,0,0,0,0,0,0,0,0,0,0,0,0,0,0,0,0,0,0,0,0,0,0,0,2
411,0.226666667,0.406666667,0.253333333,0.466666667,0.253333333,0.473333333,0.313333333,0.526666667,0.453333333,0.593333333,0,0,0,0,0,0,0,0,0,0,0,0,0,0,0,0,0,0,0,0,0,0,0,0,0,0,2
412,0.226666667,0.406666667,0.253333333,0.466666667,0.253333333,0.473333333,0.313333333,0.526666667,0.453333333,0.593333333,0,0,0,0,0,0,0,0,0,0,0,0,0,0,0,0,0,0,0,0,0,0,0,0,0,0,2
413,0.226666667,0.406666667,0.253333333,0.466666667,0.253333333,0.473333333,0.313333333,0.526666667,0.453333333,0.593333333,0,0,0,0,0,0,0,0,0,0,0,0,0,0,0,0,0,0,0,0,0,0,0,0,0,0,2
414,0.226666667,0.406666667,0.253333333,0.466666667,0.253333333,0.473333333,0.313333333,0.526666667,0.453333333,0.593333333,0,0,0,0,0,0,0,0,0,0,0,0,0,0,0,0,0,0,0,0,0,0,0,0,0,0,2
415,0.226666667,0.406666667,0.253333333,0.466666667,0.253333333,0.473333333,0.313333333,0.526666667,0.453333333,0.593333333,0,0,0,0,0,0,0,0,0,0,0,0,0,0,0,0,0,0,0,0,0,0,0,0,0,0,2
416,0.226666667,0.406666667,0,0,0,0,0,0,0,0,0,0,0,0,0,0,0,0,0,0,0,0,0,0,0,0,0,0,0,0,0,0,0,0,0,0,2
417,0.226666667,0.406666667,0,0,0,0,0,0,0,0,0,0,0,0,0,0,0,0,0,0,0,0,0,0,0,0,0,0,0,0,0,0,0,0,0,0,2
418,0.226666667,0.406666667,0.253333333,0.466666667,0.246666667,0.48,0.306666667,0.52,0.453333333,0.593333333,0,0,0,0,0,0,0,0,0,0,0,0,0,0,0,0,0,0,0,0,0,0,0,0,0,0,2
419,0.226666667,0.406666667,0.253333333,0.466666667,0.246666667,0.48,0.306666667,0.52,0.453333333,0.593333333,0,0,0,0,0,0,0,0,0,0,0,0,0,0,0,0,0,0,0,0,0,0,0,0,0,0,2
420,0.226666667,0.406666667,0.253333333,0.466666667,0.246666667,0.48,0.306666667,0.52,0.453333333,0.593333333,0,0,0,0,0,0,0,0,0,0,0,0,0,0,0,0,0,0,0,0,0,0,0,0,0,0,2
421,0.226666667,0.406666667,0.253333333,0.466666667,0.246666667,0.48,0.306666667,0.52,0.453333333,0.593333333,0,0,0,0,0,0,0,0,0,0,0,0,0,0,0,0,0,0,0,0,0,0,0,0,0,0,2
422,0.226666667,0.406666667,0.253333333,0.466666667,0.246666667,0.48,0.306666667,0.52,0.453333333,0.593333333,0,0,0,0,0,0,0,0,0,0,0,0,0,0,0,0,0,0,0,0,0,0,0,0,0,0,2
423,0.226666667,0.406666667,0.253333333,0.466666667,0.246666667,0.48,0.306666667,0.52,0.453333333,0.593333333,0,0,0,0,0,0,0,0,0,0,0,0,0,0,0,0,0,0,0,0,0,0,0,0,0,0,2
424,0.226666667,0.406666667,0.253333333,0.466666667,0.246666667,0.48,0.306666667,0.52,0.453333333,0.593333333,0,0,0,0,0,0,0,0,0,0,0,0,0,0,0,0,0,0,0,0,0,0,0,0,0,0,2
425,0.226666667,0.406666667,0.253333333,0.466666667,0.246666667,0.48,0.306666667,0.52,0.453333333,0.593333333,0,0,0,0,0,0,0,0,0,0,0,0,0,0,0,0,0,0,0,0,0,0,0,0,0,0,2
426,0.226666667,0.406666667,0.253333333,0.466666667,0.246666667,0.48,0.306666667,0.52,0.453333333,0.593333333,0,0,0,0,0,0,0,0,0,0,0,0,0,0,0,0,0,0,0,0,0,0,0,0,0,0,2
427,0.226666667,0.406666667,0.253333333,0.466666667,0.246666667,0.48,0.306666667,0.52,0.453333333,0.593333333,0,0,0,0,0,0,0,0,0,0,0,0,0,0,0,0,0,0,0,0,0,0,0,0,0,0,2
428,0.24,0.4,0.26,0.466666667,0.253333333,0.48,0.326666667,0.533333333,0.453333333,0.593333333,0,0,0,0,0,0,0,0,0,0,0,0,0,0,0,0,0,0,0,0,0,0,0,0,0,0,2
429,0.24,0.4,0.26,0.466666667,0.253333333,0.48,0.326666667,0.533333333,0.453333333,0.593333333,0,0,0,0,0,0,0,0,0,0,0,0,0,0,0,0,0,0,0,0,0,0,0,0,0,0,2
430,0.24,0.4,0.26,0.466666667,0.253333333,0.48,0.326666667,0.533333333,0.453333333,0.593333333,0,0,0,0,0,0,0,0,0,0,0,0,0,0,0,0,0,0,0,0,0,0,0,0,0,0,2
431,0.24,0.4,0.26,0.466666667,0.253333333,0.48,0.326666667,0.533333333,0.453333333,0.593333333,0,0,0,0,0,0,0,0,0,0,0,0,0,0,0,0,0,0,0,0,0,0,0,0,0,0,2
432,0.24,0.4,0.26,0.466666667,0.253333333,0.48,0.326666667,0.533333333,0.453333333,0.593333333,0,0,0,0,0,0,0,0,0,0,0,0,0,0,0,0,0,0,0,0,0,0,0,0,0,0,2
433,0.253333333,0.413333333,0.266666667,0.473333333,0.266666667,0.48,0.34,0.526666667,0.466666667,0.593333333,0.28,0.466666667,0,0,0,0,0,0,0,0,0,0,0,0,0,0,0,0,0,0,0,0,0,0,0,0,2
434,0.253333333,0.413333333,0.266666667,0.473333333,0.266666667,0.48,0.34,0.526666667,0.466666667,0.593333333,0.28,0.466666667,0,0,0,0,0,0,0,0,0,0,0,0,0,0,0,0,0,0,0,0,0,0,0,0,2
435,0.253333333,0.413333333,0.266666667,0.473333333,0.266666667,0.48,0.34,0.526666667,0.466666667,0.593333333,0.28,0.466666667,0,0,0,0,0,0,0,0,0,0,0,0,0,0,0,0,0,0,0,0,0,0,0,0,2
436,0.253333333,0.413333333,0.266666667,0.473333333,0.266666667,0.48,0.34,0.526666667,0.466666667,0.593333333,0.28,0.466666667,0,0,0,0,0,0,0,0,0,0,0,0,0,0,0,0,0,0,0,0,0,0,0,0,2
437,0.253333333,0.413333333,0.266666667,0.473333333,0.266666667,0.48,0.34,0.526666667,0.466666667,0.593333333,0.28,0.466666667,0,0,0,0,0,0,0,0,0,0,0,0,0,0,0,0,0,0,0,0,0,0,0,0,2
438,0.253333333,0.413333333,0.266666667,0.473333333,0.266666667,0.48,0.34,0.526666667,0.466666667,0.593333333,0.28,0.466666667,0,0,0,0,0,0,0,0,0,0,0,0,0,0,0,0,0,0,0,0,0,0,0,0,2
439,0.26,0.406666667,0.373333333,0.42,0,0,0,0,0,0,0,0,0,0,0,0,0,0,0,0,0,0,0,0,0,0,0,0,0,0,0,0,0,0,0,0,2
440,0.26,0.406666667,0.373333333,0.42,0,0,0,0,0,0,0,0,0,0,0,0,0,0,0,0,0,0,0,0,0,0,0,0,0,0,0,0,0,0,0,0,2
441,0.28,0.393333333,0.326666667,0.42,0,0,0,0,0,0,0,0,0,0,0,0,0,0,0,0,0,0,0,0,0,0,0,0,0,0,0,0,0,0,0,0,2
442,0.28,0.393333333,0.326666667,0.42,0,0,0,0,0,0,0,0,0,0,0,0,0,0,0,0,0,0,0,0,0,0,0,0,0,0,0,0,0,0,0,0,2
443,0.24,0.406666667,0.326666667,0.433333333,0,0,0,0,0,0,0,0,0,0,0,0,0,0,0,0,0,0,0,0,0,0,0,0,0,0,0,0,0,0,0,0,2
444,0.24,0.406666667,0.326666667,0.433333333,0,0,0,0,0,0,0,0,0,0,0,0,0,0,0,0,0,0,0,0,0,0,0,0,0,0,0,0,0,0,0,0,2
445,0.246666667,0.406666667,0.326666667,0.433333333,0.32,0.406666667,0,0,0,0,0,0,0,0,0,0,0,0,0,0,0,0,0,0,0,0,0,0,0,0,0,0,0,0,0,0,2
446,0.246666667,0.406666667,0.326666667,0.433333333,0.32,0.406666667,0,0,0,0,0,0,0,0,0,0,0,0,0,0,0,0,0,0,0,0,0,0,0,0,0,0,0,0,0,0,2
447,0.246666667,0.406666667,0.326666667,0.433333333,0.32,0.406666667,0,0,0,0,0,0,0,0,0,0,0,0,0,0,0,0,0,0,0,0,0,0,0,0,0,0,0,0,0,0,2
448,0.246666667,0.4,0.326666667,0.433333333,0,0,0,0,0,0,0,0,0,0,0,0,0,0,0,0,0,0,0,0,0,0,0,0,0,0,0,0,0,0,0,0,2
449,0.246666667,0.4,0.326666667,0.433333333,0,0,0,0,0,0,0,0,0,0,0,0,0,0,0,0,0,0,0,0,0,0,0,0,0,0,0,0,0,0,0,0,2
450,0.24,0.406666667,0.313333333,0.433333333,0.313333333,0.413333333,0,0,0,0,0,0,0,0,0,0,0,0,0,0,0,0,0,0,0,0,0,0,0,0,0,0,0,0,0,0,2
451,0.24,0.406666667,0.313333333,0.433333333,0.313333333,0.413333333,0,0,0,0,0,0,0,0,0,0,0,0,0,0,0,0,0,0,0,0,0,0,0,0,0,0,0,0,0,0,2
452,0.24,0.406666667,0.313333333,0.433333333,0.313333333,0.413333333,0,0,0,0,0,0,0,0,0,0,0,0,0,0,0,0,0,0,0,0,0,0,0,0,0,0,0,0,0,0,2
453,0.246666667,0.413333333,0.333333333,0.42,0.453333333,0.393333333,0,0,0,0,0,0,0,0,0,0,0,0,0,0,0,0,0,0,0,0,0,0,0,0,0,0,0,0,0,0,2
454,0.246666667,0.413333333,0.333333333,0.42,0.453333333,0.393333333,0,0,0,0,0,0,0,0,0,0,0,0,0,0,0,0,0,0,0,0,0,0,0,0,0,0,0,0,0,0,2
455,0.246666667,0.413333333,0.333333333,0.42,0.453333333,0.393333333,0,0,0,0,0,0,0,0,0,0,0,0,0,0,0,0,0,0,0,0,0,0,0,0,0,0,0,0,0,0,2
456,0.286666667,0.386666667,0.293333333,0.446666667,0.193333333,0.473333333,0,0,0,0,0,0,0,0,0,0,0,0,0,0,0,0,0,0,0,0,0,0,0,0,0,0,0,0,0,0,2
457,0.286666667,0.386666667,0.293333333,0.446666667,0.193333333,0.473333333,0,0,0,0,0,0,0,0,0,0,0,0,0,0,0,0,0,0,0,0,0,0,0,0,0,0,0,0,0,0,2
458,0.286666667,0.386666667,0.293333333,0.446666667,0.193333333,0.473333333,0,0,0,0,0,0,0,0,0,0,0,0,0,0,0,0,0,0,0,0,0,0,0,0,0,0,0,0,0,0,2
459,0.593333333,0.373333333,0,0,0,0,0,0,0,0,0,0,0,0,0,0,0,0,0,0,0,0,0,0,0,0,0,0,0,0,0,0,0,0,0,0,2
460,0.626666667,0.406666667,0,0,0,0,0,0,0,0,0,0,0,0,0,0,0,0,0,0,0,0,0,0,0,0,0,0,0,0,0,0,0,0,0,0,2
